movie_id,title,budget,revenue,runtime,release_month,release_year,release_dow,actor_credits,actor_net_to_date,producer_credits,producer_net_to_date,writer_credits,writer_net_to_date,director_credits,director_net_to_date,genre_count,language_count,target,net
19995,Avatar,237000000,2787965087,162,12,2009,3,0,0,3,2328916599,1,420000000,6,2585704352,4,2,1,2550965087
99861,Avengers: Age of Ultron,280000000,1405403694,141,4,2015,2,11,3940617206,8,4891494230,1,-130536,2,1299427374,3,1,1,1125403694
41154,Men in Black 3,225000000,624026776,106,5,2012,2,12,3150078356,4,957515311,0,0,6,1068161961,3,1,1,399026776
122917,The Hobbit: The Battle of the Five Armies,250000000,956019788,144,12,2014,2,2,762878416,5,2031848765,0,0,8,4499623032,3,1,1,706019788
37724,Skyfall,200000000,1108561013,143,10,2012,3,6,955438019,6,1871145305,2,77012923,5,505313187,3,1,1,908561013
534,Terminator Salvation,200000000,371353001,115,5,2009,2,8,1043812724,0,0,1,59423648,3,289826697,3,2,1,171353001
168259,Furious 7,190000000,1506249360,137,4,2015,2,9,866986795,3,706317639,0,0,4,500195419,1,1,1,1316249360
14161,2012,200000000,769653595,158,10,2009,5,11,160061851,8,751824274,0,0,3,1266536012,3,8,1,569653595
76757,Jupiter Ascending,176000003,183987723,124,2,2015,2,0,0,1,46126565,2,374463149,5,1240562378,4,1,1,7987720
246655,X-Men: Apocalypse,178000000,543934787,144,5,2016,2,5,254526261,6,1585962509,0,0,7,1283300214,1,1,1,365934787
44826,Hugo,170000000,185770160,126,11,2011,1,4,42062636,0,0,0,0,17,777557281,3,1,1,15770160
297761,Suicide Squad,175000000,745000000,123,8,2016,1,15,3668331885,17,3855513284,2,126326424,5,216989715,5,1,1,570000000
119450,Dawn of the Planet of the Apes,170000000,710644566,130,6,2014,3,1,-3495040,1,389860185,2,124109454,3,147566027,4,1,1,540644566
79698,The Lovers,35000000,11106,109,2,2015,4,7,198637053,1,-13371787,0,0,2,-71596603,4,1,0,-34988894
157336,Interstellar,165000000,675120017,169,11,2014,2,13,344946643,2,735209075,0,0,7,2712363217,3,1,1,510120017
49538,X-Men: First Class,160000000,353624124,132,5,2011,1,2,62413270,3,169362631,0,0,3,139099143,3,5,1,193624124
2080,X-Men Origins: Wolverine,150000000,373062864,107,4,2009,1,4,214800072,0,0,0,0,2,4128641,4,1,1,223062864
76341,Mad Max: Fury Road,150000000,378858340,120,5,2015,2,3,-46587843,4,508008844,2,304742074,6,429999462,4,1,1,228858340
956,Mission: Impossible III,150000000,397850012,126,5,2006,2,15,3453239900,4,1251231786,1,13642838,0,0,3,6,1,247850012
117251,White House Down,150000000,205366737,131,6,2013,3,4,408150324,9,1321477869,0,0,5,1821584694,3,1,1,55366737
140300,Kung Fu Panda 3,145000000,521170825,95,1,2016,5,9,1404921912,1,515692281,1,267695435,1,515692281,5,1,1,376170825
13475,Star Trek,150000000,385680446,127,5,2009,2,0,0,2,143420414,0,0,1,247850012,3,1,1,235680446
82702,How to Train Your Dragon 2,145000000,609123048,102,6,2014,3,1,329878759,2,673432792,0,0,0,0,6,1,1,464123048
72559,G.I. Joe: Retaliation,130000000,371876278,110,3,2013,1,12,594151721,12,524728743,1,78791382,3,342550463,4,1,1,241876278
65759,Happy Feet Two,130000000,150406466,100,11,2011,3,8,2924390073,3,487602378,1,284335608,5,409592996,3,1,1,20406466
281957,The Revenant,135000000,532950503,156,12,2015,4,15,2460925782,14,452680403,0,0,5,244569106,4,2,1,397950503
44896,Rango,135000000,245724603,107,3,2011,2,19,2825758205,0,0,1,-33711680,5,2124998844,5,1,1,110724603
27576,Salt,110000000,293329073,100,7,2010,2,9,755337463,7,271810005,2,74760937,7,414819513,3,3,1,183329073
86834,Noah,125000000,362637473,139,3,2014,3,11,853913188,22,1016208326,0,0,5,339863876,2,1,1,237637473
17578,The Adventures of Tintin,130000000,371940071,107,10,2011,1,3,90695964,12,2454337297,0,0,22,6747250827,3,1,1,241940071
324668,Jason Bourne,120000000,415484914,123,7,2016,2,22,1827826795,8,3124549550,0,0,5,682493340,2,1,1,295484914
70981,Prometheus,130000000,403170142,124,5,2012,2,0,0,4,184265692,0,0,12,930184803,3,1,1,273170142
68724,Elysium,115000000,286140700,109,8,2013,2,19,1049540170,0,0,0,0,1,180819611,4,1,1,171140700
2789,The Chronicles of Riddick,105000000,115772733,119,6,2004,4,3,245986967,3,47163556,1,902679,1,30187659,2,1,1,10772733
7459,Speed Racer,120000000,93945766,135,5,2008,4,5,24120418,22,2358818122,1,400517383,4,1266616612,3,1,0,-26054234
42888,How Do You Know,120000000,48668907,121,12,2010,4,5,392290227,4,596440744,0,0,2,239219378,3,1,0,-71331093
37834,Knight and Day,117000000,261930431,109,6,2010,1,17,3826365912,9,587887921,0,0,6,291385794,2,3,1,144930431
49519,The Croods,135000000,585178928,98,3,2013,2,24,1216407988,0,0,0,0,2,395650286,5,1,1,450178928
98566,Teenage Mutant Ninja Turtles,125000000,477200000,101,8,2014,3,1,15556061,8,562807703,0,0,4,358274277,5,1,1,352200000
49047,Gravity,105000000,716392705,91,9,2013,4,17,1276742403,6,3854173566,0,0,3,682380997,3,1,1,611392705
13700,Home on the Range,110000000,103951461,76,4,2004,4,0,0,0,0,0,0,0,0,2,2,0,-6048539
280,Terminator 2: Judgment Day,100000000,520000000,137,7,1991,0,10,925881568,0,0,0,0,3,256787753,3,2,1,420000000
4982,American Gangster,100000000,266465037,157,11,2007,4,17,770309153,24,2591502335,0,0,9,609770128,2,1,1,166465037
39451,Little Fockers,100000000,310650585,98,12,2010,1,23,627792644,10,929715564,0,0,3,15973450,2,1,1,210650585
9268,Eraser,100000000,242295562,115,6,1996,4,13,1662062468,2,619187619,0,0,2,368376629,4,1,1,142295562
68718,Django Unchained,100000000,425368238,165,12,2012,1,7,285134903,0,0,3,413541057,6,769302442,2,3,1,325368238
9946,End of Days,100000000,211989043,121,11,1999,2,15,1874190419,1,2507368,0,0,2,48603189,4,3,1,111989043
18162,Land of the Lost,100000000,68688831,102,6,2009,4,10,501011073,1,11070433,0,0,3,370624358,3,1,0,-31311169
22972,Green Zone,100000000,94882889,115,3,2010,3,12,775146522,1,61286096,2,114470307,3,647610451,5,2,0,-5117111
227973,The Peanuts Movie,99000000,246233113,88,11,2015,3,0,0,0,0,0,0,1,782244782,1,1,1,147233113
29193,The Spanish Prisoner,10000000,13835130,110,9,1997,0,1,-1043411,1,-9313159,1,51270454,0,0,4,1,1,3835130
76758,The Flowers of War,94000000,95311434,145,12,2011,3,10,1349270345,0,0,0,0,4,247473752,3,3,1,1311434
9408,Surf's Up,85000000,149044513,85,6,2007,4,3,88030456,0,0,0,0,0,0,3,1,1,64044513
37786,Sex and the City 2,100000000,288347692,146,5,2010,2,0,0,0,0,0,0,0,0,3,2,1,188347692
157353,Transcendence,100000000,103039258,119,4,2014,2,23,3532013669,3,198303606,0,0,0,0,4,1,1,3039258
331,Jurassic Park III,93000000,368780809,92,7,2001,2,1,857100000,4,70624645,0,0,0,0,4,2,1,275780809
47964,A Good Day to Die Hard,92000000,304654182,98,2,2013,2,27,2689802005,2,101286748,0,0,3,78179287,2,2,1,212654182
44048,Unstoppable,100000000,167805466,98,11,2010,3,21,1079274215,5,1047031529,1,56303988,11,1082615273,2,1,1,67805466
65754,The Girl with the Dragon Tattoo,90000000,232617430,158,12,2011,2,5,812820589,20,1275051821,1,-45549103,8,1038398532,4,1,1,142617430
9836,Happy Feet,100000000,384335608,108,11,2006,3,6,2632350334,2,203266770,0,0,4,125257388,2,1,1,284335608
76492,Hotel Transylvania,85000000,358375603,91,9,2012,3,18,1462597473,0,0,0,0,0,0,4,1,1,273375603
59961,Safe House,85000000,208076205,115,2,2012,3,22,1147079681,4,45145470,0,0,1,5912403,2,3,1,123076205
9798,Enemy of the State,90000000,250649836,132,11,1998,4,2,864376292,11,2153666691,0,0,6,787511535,3,1,1,160649836
10159,The Rundown,85000000,80916492,104,9,2003,4,1,105333180,2,127165792,0,0,1,-20101588,4,2,0,-4083508
9341,The Core,60000000,74208267,136,3,2003,4,1,2858661,0,0,0,0,3,152258068,4,1,1,14208267
9339,Click,82500000,237681299,107,6,2006,3,9,689183383,0,0,0,0,2,125170541,4,3,1,155181299
39691,Cats & Dogs 2 : The Revenge of Kitty Galore,85000000,112483764,82,7,2010,4,2,-5349181,6,-16043225,0,0,0,0,2,2,1,27483764
146216,RED 2,84000000,137162560,116,7,2013,3,28,2902456187,13,766605021,0,0,3,143153344,4,3,1,53162560
754,Face/Off,80000000,245676146,138,6,1997,4,6,680900683,0,0,0,0,1,100270147,4,2,1,165676146
13027,Eagle Eye,80000000,178066569,118,9,2008,3,5,711784749,0,0,0,0,2,80436832,3,1,1,98066569
20504,The Book of Eli,80000000,157107755,118,1,2010,3,20,1002166460,5,255803350,0,0,2,63958115,3,1,1,77107755
2300,Space Jam,80000000,250200000,88,11,1996,4,0,0,5,435337070,1,-6146000,0,0,5,1,1,170200000
8834,Conspiracy Theory,75000000,136982834,135,8,1997,3,7,783963198,11,766389123,0,0,7,565909927,4,1,1,61982834
228150,Fury,68000000,211817906,135,10,2014,2,16,1863960269,2,23634902,1,-17491482,4,73171809,3,1,1,143817906
159824,Hotel Transylvania 2,80000000,473226958,89,9,2015,0,21,2058594445,0,0,1,273375603,1,273375603,3,2,1,393226958
19959,Surrogates,80000000,122444772,89,9,2009,3,23,2555845301,1,277375031,2,230776649,3,314825559,3,2,1,42444772
77951,Walking With Dinosaurs,80000000,126546518,87,12,2013,2,0,0,0,0,0,0,1,64717124,3,1,1,46546518
274854,The Last Witch Hunter,90000000,146936910,106,10,2015,2,10,2183236155,1,8350926,0,0,2,24225626,3,1,1,56936910
9992,Arthur and the Invisibles,86000000,107944236,94,12,2006,2,0,0,10,88589104,1,-24503683,3,179287156,4,1,1,21944236
36970,Oceans,80000000,86787530,84,10,2009,5,11,1186229023,0,0,0,0,1,-15649317,2,1,1,6787530
17711,The Adventures of Rocky & Bullwinkle,76000000,35134820,88,6,2000,4,0,0,4,183149718,0,0,0,0,5,1,0,-40865180
328111,The Secret Life of Pets,75000000,875958308,87,6,2016,5,0,0,3,2452006832,0,0,0,0,2,1,1,800958308
953,Madagascar,75000000,532680671,86,5,2005,2,10,935488935,0,0,0,0,1,111757863,2,5,1,457680671
36657,X-Men,75000000,296339527,104,7,2000,3,3,234000000,1,-12436272,0,0,1,17341568,3,1,1,221339527
594,The Terminal,60000000,219417255,128,6,2004,3,14,3426019730,8,1947222182,1,204118201,18,5466099249,2,5,1,159417255
11678,Vertical Limit,75000000,215663859,124,12,2000,4,0,0,0,0,0,0,2,449482557,3,2,1,140663859
37821,Killers,75000000,98159963,100,6,2010,4,2,297558226,0,0,0,0,5,437626801,4,1,1,23159963
23685,Monkeybone,75000000,5409517,93,2,2001,4,3,112545069,0,0,0,0,0,0,5,1,0,-69590483
9741,Unbreakable,75000000,248118121,106,11,2000,0,13,1870808415,2,75978709,1,632806292,1,632806292,3,1,1,173118121
211672,Minions,74000000,1156730962,91,6,2015,2,18,1888135108,2,1369275870,0,0,0,0,4,1,1,1082730962
153518,The Angry Birds Movie,73000000,349779543,97,5,2016,2,1,232994119,0,0,1,368140005,0,0,2,1,1,276779543
20829,Funny People,75000000,61458982,146,7,2009,4,13,1091057740,3,217624501,0,0,2,272525755,2,1,0,-13541018
6947,The Village,60000000,256697520,108,7,2004,4,0,0,4,585344747,3,1142172330,3,1142172330,3,1,1,196697520
2675,Signs,72000000,408247917,106,8,2002,4,13,1387806446,3,249096830,2,805924413,2,805924413,4,2,1,336247917
16869,Inglourious Basterds,70000000,319131050,153,8,2009,1,11,1177153312,12,760160016,2,164410007,5,520171392,4,4,1,249131050
23398,Alvin and the Chipmunks: The Squeakquel,75000000,443140005,88,12,2009,0,0,0,0,0,0,0,3,206081714,5,2,1,368140005
117263,Olympus Has Fallen,70000000,161025640,120,3,2013,2,10,467164353,0,0,0,0,5,111946915,2,2,1,91025640
44943,Battle: Los Angeles,70000000,202466756,116,3,2011,1,4,53493451,20,1420400561,0,0,2,74807521,2,1,1,132466756
57212,War Horse,66000000,177584879,146,12,2011,6,0,0,13,2696277368,1,-13651216,23,6989190898,2,1,1,111584879
49017,Dracula Untold,70000000,215529201,92,10,2014,2,0,0,10,257342818,0,0,0,0,5,1,1,145529201
44564,The Dilemma,70000000,67112664,111,1,2011,3,1,157293131,28,3074703296,1,64748021,10,1914982135,2,1,0,-2887336
201088,Blackhat,70000000,17752940,133,1,2015,1,2,773898020,8,750066433,0,0,5,273378504,3,4,0,-52247060
5137,Sky Captain and the World of Tomorrow,70000000,57958696,107,9,2004,4,2,122989779,0,0,0,0,0,0,5,2,0,-12041304
188207,The Legend of Hercules,70000000,61279452,99,1,2014,4,0,0,0,0,0,0,14,288921138,2,1,0,-8720548
214756,Ted 2,68000000,217022588,115,6,2015,3,19,2224547441,6,215000232,1,46778557,2,546146872,1,1,1,149022588
26428,Agora,70000000,39041505,127,5,2009,6,1,-14469236,2,216494277,1,190765056,2,216494277,3,1,0,-30958495
9824,Mystery Men,68000000,29762011,121,8,1999,4,1,7702438,2,140025767,0,0,0,0,5,1,0,-38237989
603,The Matrix,63000000,463517383,136,3,1999,1,5,474624853,13,973816560,0,0,1,2511317,2,1,1,400517383
4244,The Kid,65000000,69700000,104,7,2000,4,12,1866108415,0,0,0,0,3,240005990,3,1,1,4700000
1852,World Trade Center,63000000,162945894,128,8,2006,2,14,826570725,6,122917833,0,0,10,493882084,3,1,1,99945894
345,Eyes Wide Shut,65000000,162091208,159,7,1999,2,8,1613736669,4,99857646,0,0,5,107107646,2,1,1,97091208
256591,Focus,50100000,153962963,105,2,2015,2,13,3549105132,10,123998714,1,-2347965,2,90503232,4,1,1,103862963
36648,Blade: Trinity,65000000,128905366,123,12,2004,2,6,153646322,0,0,2,187193562,0,0,6,2,1,63905366
71679,Resident Evil: Retribution,65000000,240159255,95,9,2012,2,10,596334645,8,551182487,0,0,8,507870854,3,1,1,175159255
11170,We Are Marshall,65000000,43545364,124,12,2006,1,6,230236789,0,0,0,0,2,311281333,1,1,0,-21454636
9947,Elektra,43000000,56681566,97,1,2005,3,1,59455697,14,849500496,1,-4649226,3,106510558,2,2,1,13681566
189,Sin City: A Dame to Kill For,65000000,39407616,102,8,2014,2,4,164778660,13,574524376,1,118733820,15,633271965,2,1,0,-25592384
300168,Dragon Blade,65000000,121545703,127,2,2015,3,10,92023854,0,0,0,0,1,2139590,3,2,1,56545703
273248,The Hateful Eight,44000000,155760117,167,12,2015,4,12,120561703,2,341974981,4,738909295,7,1094670680,4,2,1,111760117
37165,The Truman Show,60000000,264118201,103,6,1998,3,6,1026287506,4,343027471,0,0,2,276167109,2,1,1,204118201
39514,RED,58000000,71664962,111,10,2010,2,25,2623873877,8,455139078,0,0,2,230617091,5,2,1,13664962
1538,Collateral,65000000,217764291,120,8,2004,2,13,2840736230,3,-13490407,0,0,3,-13490407,3,2,1,152764291
7485,Shooter,61000000,95696996,124,3,2007,3,8,400196134,3,78841071,0,0,3,64713620,5,1,1,34696996
6278,Reign of Fire,60000000,43061982,101,7,2002,4,1,27266564,6,1135484957,0,0,2,123448576,3,1,0,-16938018
82682,Gangster Squad,60000000,105200903,113,1,2013,3,2,-32054536,2,18376365,0,0,2,91338822,4,1,1,45200903
16558,Duplicity,78146652,60000000,125,3,2009,3,3,39600218,1,44000000,0,0,1,67991835,3,4,0,-18146652
16866,Planet 51,70000000,104945765,91,11,2009,3,8,275501008,0,0,0,0,0,0,5,2,1,34945765
38321,Priest,60000000,78309131,87,5,2011,3,1,41918658,6,128951907,0,0,1,41918658,5,3,1,18309131
14411,Sinbad: Legend of the Seven Seas,60000000,26288320,86,7,2003,2,7,793413165,2,466972757,0,0,0,0,3,3,0,-33711680
8413,Event Horizon,60000000,26673242,96,8,1997,4,2,43197300,0,0,0,0,1,104195920,3,2,0,-33326758
123553,The Mortal Instruments: City of Bones,60000000,90565421,130,8,2013,2,0,0,1,16050575,0,0,1,30795814,6,1,1,30565421
210860,Mortdecai,60000000,30418560,106,1,2015,2,24,3535052927,2,111297309,1,-5309198,4,67973102,2,1,0,-29581440
190859,American Sniper,58800000,542307423,133,12,2014,3,5,779230007,18,1186772743,0,0,19,1264351465,2,1,1,483507423
24438,Did You Hear About the Morgans?,58000000,85280250,103,12,2009,3,5,334259327,1,105896422,1,167000000,2,139251340,1,5,1,27280250
71676,Ghost Rider: Spirit of Vengeance,57000000,149217355,95,12,2011,5,22,1157084076,9,165125463,0,0,3,36320158,3,1,1,92217355
1924,Superman,55000000,300218018,143,12,1978,2,0,0,0,0,0,0,1,58122980,4,1,1,245218018
35056,Date Night,55000000,152263880,97,4,2010,3,1,33833449,2,62944720,0,0,6,1078260547,1,2,1,97263880
156022,The Equalizer,55000000,192330738,132,9,2014,2,25,1471868672,6,416179183,1,10664721,6,202972555,3,1,1,137330738
24,Kill Bill: Vol. 1,30000000,180949000,111,10,2003,4,0,0,7,518392527,1,13461007,3,247062931,2,3,1,150949000
9374,Death Becomes Her,55000000,149022650,104,7,1992,3,1,97499205,0,0,0,0,3,858637345,2,1,1,94022650
2320,Executive Decision,55000000,121969216,133,3,1996,4,4,66379525,10,699419907,1,22120318,0,0,4,1,1,66969216
1729,The Forbidden Kingdom,55000000,127906624,104,4,2008,4,8,49008882,0,0,0,0,3,309382439,3,2,1,72906624
12123,Chain Reaction,50000000,60209334,107,8,1996,4,3,368470859,0,0,0,0,1,324875760,4,1,1,10209334
34314,Turbulence,55000000,11466088,100,1,1997,3,0,0,0,0,0,0,0,0,3,1,0,-43533912
19724,Imagine That,55000000,16123323,107,6,2009,4,18,1459119976,5,183217665,0,0,1,263397247,1,1,0,-38876677
42297,Burlesque,55000000,89519773,119,11,2010,1,2,5791463,3,207932330,1,3657377,0,0,2,1,1,34519773
36586,Blade II,54000000,155010032,117,3,2002,4,4,60237662,1,86183530,1,86183530,0,0,4,3,1,101010032
1717,All the King's Men,55000000,9450897,125,9,2006,6,6,312712288,1,-13297099,0,0,1,-13297099,2,1,0,-45549103
22803,Law Abiding Citizen,53000000,126690726,109,10,2009,3,6,211444177,1,1223890,1,1070211,6,218501698,3,1,1,73690726
285923,Grindhouse,67000000,25037897,191,4,2007,4,13,95929663,7,468364788,2,132360146,10,613361190,3,2,0,-41962103
97630,Zero Dark Thirty,40000000,132820716,157,12,2012,2,0,0,2,-37831034,0,0,2,-37831034,3,2,1,92820716
32856,Valentine's Day,52000000,216485654,125,2,2010,2,3,207690349,1,14706120,1,137259441,6,872480309,2,1,1,164485654
38050,The Adjustment Bureau,50200000,127869379,106,3,2011,3,15,831098568,0,0,0,0,0,0,3,1,1,77669379
9390,Jerry Maguire,50000000,273552592,139,12,1996,4,7,1390184077,1,133668774,0,0,0,0,3,2,1,223552592
37686,Super 8,50000000,260095987,112,6,2011,2,0,0,11,2244241310,2,261492850,2,483530458,3,1,1,210095987
462,Erin Brockovich,52000000,256271286,131,3,2000,4,7,1497028529,6,50858660,0,0,3,58480337,1,2,1,204271286
302699,Central Intelligence,50000000,216972543,107,6,2016,2,15,1339918831,4,2022566999,1,-572808,2,380716429,2,1,1,166972543
388,Inside Man,45000000,184376254,129,3,2006,3,16,630932899,22,1809305622,0,0,13,81449605,3,2,1,139376254
228326,The Book of Life,50000000,97437106,95,10,2014,2,0,0,2,224460365,0,0,0,0,6,1,1,47437106
2649,The Game,50000000,109423648,129,9,1997,4,5,551932490,1,121615285,0,0,2,404085404,3,3,1,59423648
588,Silent Hill,50000000,97607453,125,4,2006,4,1,-492110,1,-1081039,1,7799060,0,0,2,1,1,47607453
216282,Into the Storm,50000000,160602194,89,8,2014,2,0,0,1,15972187,0,0,1,110887643,2,1,1,110602194
14199,The Adventures of Sharkboy and Lavagirl,50000000,69425966,92,6,2005,4,0,0,1,118733820,1,112934180,9,593935224,3,1,1,19425966
22832,Ninja Assassin,40000000,60462347,99,9,2009,1,0,0,25,2326566167,0,0,1,78511035,3,1,1,20462347
38579,Marmaduke,50000000,83761844,87,6,2010,4,5,544313540,19,1507297389,0,0,2,40647497,2,1,1,33761844
316152,Free State of Jones,50000000,25035950,139,6,2016,4,14,855066660,8,2440441698,0,0,2,677547137,5,2,0,-24964050
241554,Run All Night,50000000,71561644,114,3,2015,2,14,2275275521,3,63577268,0,0,4,323958369,5,1,1,21561644
10047,The Messenger: The Story of Joan of Arc,60000000,66976317,148,10,1999,0,1,-8192146,1,-1609341,0,0,2,172310839,5,2,1,6976317
38319,Your Highness,49900000,26121638,102,4,2011,4,0,0,3,68923832,0,0,4,73542989,1,1,0,-23778362
18501,Gamer,50000000,40828540,95,9,2009,3,5,426134486,18,814611662,0,0,2,45491618,3,1,0,-9171460
329833,Zoolander 2,50000000,55969000,100,2,2016,5,21,3668994468,30,1770700990,0,0,4,282812748,1,1,1,5969000
47327,Drive Angry,50000000,28931401,105,2,2011,3,21,1178152675,5,150020506,0,0,3,88978622,4,1,0,-21068599
18947,The Boat That Rocked,50000000,36348784,116,4,2009,2,0,0,22,1473376499,0,0,1,204931766,2,1,0,-13651216
198184,Chappie,49000000,104399548,120,3,2015,2,1,180819611,2,290761971,1,171140700,2,351960311,3,1,1,55399548
4547,Panic Room,48000000,196397415,111,3,2002,4,3,299114379,0,0,0,0,4,501362805,3,1,1,148397415
260346,Taken 3,48000000,325771424,109,12,2014,1,13,1997504097,17,717408749,4,96191408,2,352107160,2,1,1,277771424
1624,Liar Liar,45000000,181000000,86,3,1997,4,5,890287506,7,852077710,0,0,2,166986741,1,1,1,136000000
1493,Miss Congeniality,45000000,212000000,111,12,2000,3,6,127044219,0,0,0,0,2,-21356686,3,4,1,167000000
7350,The Bucket List,45000000,175372502,97,12,2007,1,12,1121546475,5,349701065,0,0,8,356410117,2,1,1,130372502
146233,Prisoners,46000000,122126687,153,9,2013,2,8,1303381887,2,122176919,0,0,1,303838,3,1,1,76126687
36647,Blade,45000000,131183530,120,8,1998,4,2,-16144973,0,0,0,0,0,0,2,2,1,86183530
6282,Coyote Ugly,45000000,113916474,100,7,2000,6,0,0,13,2461518826,0,0,0,0,1,1,1,68916474
9981,Kicking & Screaming,45000000,56070433,95,5,2005,4,3,219303871,0,0,0,0,2,195604638,3,2,1,11070433
15045,Fat Albert,45000000,48563556,93,12,2004,6,0,0,13,1268690692,0,0,1,363744044,3,1,1,3563556
232672,Blended,40000000,123494610,117,5,2014,2,10,288066733,8,501558724,0,0,5,401443857,1,1,1,83494610
2207,16 Blocks,55000000,65664721,105,3,2006,2,19,2026578447,0,0,0,0,10,712818103,4,1,1,10664721
9457,Deep Rising,45000000,11203026,106,1,1998,4,0,0,1,17603594,0,0,1,17603594,4,2,0,-33796974
12412,Miracle at St. Anna,45000000,9323833,160,9,2008,0,1,10867586,6,74355410,0,0,14,220825859,2,3,0,-35676167
38153,Shadow Conspiracy,45000000,2154540,103,1,1997,4,2,29648069,0,0,0,0,2,287905497,2,2,0,-42845460
27573,The Bounty Hunter,40000000,136000000,110,3,2010,1,6,416963026,18,1216583313,0,0,5,493910785,1,1,1,96000000
11812,The Sweetest Thing,43000000,68696770,84,4,2002,4,2,518990196,6,486915395,0,0,1,65402208,2,1,1,25696770
37950,Charlie St. Cloud,44000000,48190704,99,5,2010,5,3,356996528,6,223949634,0,0,2,112044941,1,1,1,4190704
5966,Along Came Polly,42000000,171963386,90,1,2004,4,6,264047614,8,274285381,1,-978790,1,-978790,2,1,1,129963386
136795,The Heat,43000000,158674180,117,6,2013,3,16,1161068223,0,0,0,0,2,252854354,3,3,1,115674180
87826,Here Comes the Boom,42000000,73239258,105,10,2012,3,1,44298474,0,0,0,0,4,370204599,1,1,1,31239258
49730,Red Riding Hood,42000000,89162162,100,3,2011,4,2,142125642,0,0,0,0,4,357939269,3,1,1,47162162
2749,15 Minutes,60000000,56359980,120,3,2001,3,15,437782951,3,6019987,0,0,0,0,3,4,0,-3640020
46528,The Warrior's Way,42000000,11087569,100,12,2010,3,1,26842679,4,2816220889,0,0,0,0,5,2,0,-30912431
27936,Micmacs,33000000,14000000,100,10,2009,2,0,0,0,0,0,0,3,270681250,3,1,0,-19000000
9476,A Knight's Tale,65000000,117487473,132,5,2001,4,1,37478166,0,0,1,61982834,1,71626121,4,1,1,52487473
745,The Sixth Sense,40000000,672806292,107,8,1999,4,9,1159330441,5,1277140835,0,0,0,0,3,3,1,632806292
168672,American Hustle,40000000,251171807,138,12,2013,3,13,2178920878,14,2747404100,1,7702438,5,292092874,2,1,1,211171807
18240,The Proposal,40000000,317375031,108,6,2009,0,13,578379341,0,0,0,0,2,232454166,3,1,1,277375031
240832,Lucy,40000000,126546825,89,7,2014,0,4,132355356,0,0,3,9644583,4,201231392,2,5,1,86546825
193756,Lone Survivor,40000000,149295601,121,12,2013,1,16,1219675613,5,516953817,1,-1420000,5,560528318,4,1,1,109295601
259693,The Conjuring 2,40000000,320170008,134,5,2016,4,3,406581500,2,310889299,0,0,5,1816444779,1,1,1,280170008
100042,Dumb and Dumber To,40000000,169837010,110,11,2014,2,19,2372252167,5,163926822,1,231275374,10,785380889,1,1,1,129837010
9036,Eight Below,40000000,120455994,120,2,2006,4,6,236611910,6,237541390,0,0,3,128964190,3,1,1,80455994
257211,The Intern,35000000,194564672,121,9,2015,3,28,1022616925,3,350744786,0,0,4,734112800,1,1,1,159564672
323675,Ride Along 2,40000000,124827316,102,1,2016,3,3,73292375,5,393429658,0,0,6,489041595,2,1,1,84827316
187,Sin City,40000000,158733820,124,4,2005,4,1,44646763,0,0,0,0,8,475201404,3,1,1,118733820
7461,Vantage Point,40000000,151161491,90,2,2008,4,7,396554400,15,1021626486,0,0,0,0,4,2,1,111161491
19912,The Final Destination,40000000,186167139,82,8,2009,2,0,0,3,187447877,0,0,3,124871106,2,1,1,146167139
296098,Bridge of Spies,40000000,165478348,141,10,2015,3,23,5561359969,16,3085036518,3,77555221,25,7311069227,2,3,1,125478348
8007,Behind Enemy Lines,40000000,91753202,106,11,2001,5,0,0,8,698194361,0,0,0,0,4,3,1,51753202
32823,Get Him to the Greek,40000000,90029656,109,6,2010,4,1,101463226,8,608684224,0,0,1,75173115,1,1,1,50029656
68179,Escape from Planet Earth,40000000,74597643,89,2,2013,3,10,681143954,0,0,1,-16478171,0,0,5,1,1,34597643
1579,Apocalypto,40000000,120175290,139,12,2006,3,0,0,5,793927958,0,0,2,719899420,4,1,1,80175290
34851,Predators,40000000,126248813,107,7,2010,5,1,37489752,9,415375193,0,0,1,2942221,4,3,1,86248813
9913,The Skeleton Key,43000000,91974818,104,7,2005,4,3,114473741,0,0,0,0,2,-10121132,4,1,1,48974818
39513,Paul,40000000,97552050,104,2,2011,0,6,605282488,25,1545755865,0,0,2,109127603,3,1,1,57552050
41446,Scream 4,40000000,97138686,111,4,2011,0,6,423881870,3,67175305,0,0,9,473855595,2,1,1,57138686
10537,The Doors,38000000,34416893,140,3,1991,4,0,0,2,131999137,2,25848069,5,304848904,2,1,0,-3583107
188161,A Million Ways to Die in the West,40000000,86778557,116,5,2014,3,0,0,5,168221675,0,0,1,499368315,2,1,1,46778557
38357,Morning Glory,40000000,58785180,102,1,2010,1,2,118495032,3,379100860,1,130259319,2,371825442,3,2,1,18785180
80278,The Impossible,42000000,180274123,113,9,2012,6,7,457846206,3,73880734,0,0,1,75250193,2,4,1,138274123
24575,Raise the Titanic,40000000,7000000,115,1,1980,1,0,0,0,0,0,0,0,0,3,1,0,-33000000
19898,Pandorum,33000000,20645327,108,9,2009,1,0,0,5,266034592,0,0,1,2000000,5,3,0,-12354673
72358,A Thousand Words,40000000,22044277,91,3,2012,2,19,1420243299,5,-45560998,1,155181299,5,36652303,2,1,0,-17955723
10428,Hackers,20000000,7563728,107,9,1995,3,0,0,0,0,0,0,0,0,4,4,0,-12436272
26486,The Last Shot,40000000,463730,90,9,2004,4,5,105918851,1,516222,0,0,0,0,2,1,0,-39536270
16320,Serenity,39000000,38869464,119,8,2005,3,0,0,1,8096053,0,0,0,0,4,2,0,-130536
20943,The Ugly Truth,38000000,205298907,96,7,2009,4,1,130259319,17,647312755,2,82921106,4,270327894,2,1,1,167298907
44865,The Grandmaster,3860000,64076736,130,1,2013,1,1,7271312,1,11786738,0,0,2,19058050,3,3,1,60216736
1957,Enough,38000000,51801187,114,5,2002,4,5,239470139,9,187795563,0,0,3,258395313,2,1,1,13801187
256961,Paul Blart: Mall Cop 2,38000000,107597242,94,4,2015,3,3,244258554,2,126574381,1,31239258,5,302851170,3,1,1,69597242
5852,Angel Eyes,53000000,29700000,102,5,2001,1,4,262770139,2,-49184462,0,0,1,38880016,3,1,0,-23300000
87421,Riddick,38000000,98337295,119,9,2013,0,8,806649500,2,64491480,2,11675412,3,49813030,3,1,1,60337295
68722,The Master,32000000,28258060,137,9,2012,4,6,177666007,2,44208711,0,0,4,83762108,1,1,0,-3741940
14324,Virgin Territory,38000000,5410749,93,12,2007,0,0,0,0,0,0,0,1,-7853917,4,2,0,-32589251
14325,The Express,40000000,9793496,130,10,2008,4,0,0,18,1537503893,0,0,4,44052338,1,1,0,-30206504
76494,What to Expect When You're Expecting,40000000,79700000,110,5,2012,3,8,1058277352,1,34307224,0,0,3,138891949,3,1,1,39700000
23742,Cop Out,30000000,55583804,107,2,2010,4,24,2598290073,1,-7207439,0,0,8,84550883,3,2,1,25583804
62837,Dolphin Tale,37000000,95404397,113,9,2011,4,8,394211943,1,63772522,1,-11005210,1,20144499,2,1,1,58404397
16911,The Inhabited Island,36500000,21834845,115,12,2008,3,0,0,0,0,0,0,0,0,4,1,0,-14665155
227735,Dolphin Tale 2,36000000,52424533,107,9,2014,4,9,452616340,4,201342864,0,0,2,78548896,2,1,1,16424533
222936,Aloha,37000000,26250020,105,5,2015,2,6,1262737430,29,1781450970,1,223552592,5,411441352,3,2,0,-10749980
48171,The Rite,37000000,96047633,114,1,2011,4,10,106326592,5,98449119,0,0,2,105158674,3,6,1,59047633
365222,Ip Man 3,36000000,156844753,105,12,2015,5,1,-17162326,0,0,0,0,0,0,3,4,1,120844753
22881,The Blind Side,29000000,309208309,129,11,2009,4,15,880859914,1,60180723,0,0,2,-63582997,1,1,1,280208309
10054,Spy Kids,35000000,147934180,88,3,2001,6,0,0,3,45509686,0,0,4,52346302,4,2,1,112934180
271718,Trainwreck,35000000,140795793,125,7,2015,4,0,0,3,5455891,0,0,4,312043523,1,1,1,105795793
11459,Sky High,35000000,86369815,100,7,2005,4,0,0,1,84230332,0,0,1,48535067,3,1,1,51369815
1273,TMNT,34000000,95608995,90,3,2007,4,2,29435354,1,53000000,0,0,0,0,4,1,1,61608995
13920,Radio,32000000,52277485,109,10,2003,4,3,-32651124,0,0,1,55597042,1,-14306109,1,1,1,20277485
325133,Neighbors 2: Sorority Rising,35000000,108758521,91,5,2016,2,9,914855664,4,343729137,1,101463226,4,399269922,1,1,1,73758521
140823,Saving Mr. Banks,35000000,112544580,125,11,2013,5,2,155736210,0,0,0,0,3,216625312,3,1,1,77544580
22949,Old Dogs,35000000,92219310,88,11,2009,1,17,1642469601,5,163580027,0,0,2,226830866,2,2,1,57219310
34806,The Back-Up Plan,35000000,77477008,106,4,2010,4,8,464927937,4,287632666,0,0,0,0,2,1,1,42477008
88794,J. Edgar,35000000,84606030,137,11,2011,2,12,1873278639,15,1122000787,1,34586584,17,1187398422,3,1,1,49606030
13515,Mirrors,35000000,72436439,110,8,2008,4,2,32784758,0,0,0,0,2,58208975,3,1,1,37436439
169,Predator 2,35000000,57120318,108,11,1990,1,0,0,7,410264990,0,0,1,14168359,3,1,1,22120318
321741,Concussion,35000000,50363790,123,11,2015,3,14,3652968095,12,1096342167,0,0,0,0,1,1,1,15363790
59965,Abduction,35000000,82087155,106,9,2011,3,1,19425966,4,123651382,0,0,6,346823337,3,1,1,47087155
98357,Broken City,56000000,19701164,109,1,2013,4,14,1194799158,21,1052507162,0,0,0,0,3,1,0,-36298836
268920,Hot Pursuit,35000000,51680201,87,5,2015,4,8,450435232,2,121235238,0,0,4,511692923,3,2,1,16680201
4515,Lions for Lambs,35000000,63215872,92,10,2007,0,6,172691506,2,129580271,0,0,3,132645968,4,1,1,28215872
18320,The Young Victoria,35000000,27409889,105,3,2009,2,0,0,1,2500000,0,0,0,0,3,2,0,-7590111
8967,The Tree of Life,32000000,54674226,139,5,2011,2,12,1426284362,3,262791155,1,660880,3,47323458,2,1,1,22674226
37498,Knock Off,35000000,10319915,91,9,1998,4,6,228370460,0,0,0,0,0,0,3,2,0,-24680085
144336,Sabotage,35000000,17508518,110,3,2014,4,20,2246978129,1,41126384,0,0,3,90663291,4,1,0,-17491482
13056,Punisher: War Zone,20500000,10089373,102,12,2008,4,0,0,13,392642176,0,0,0,0,2,2,0,-10410627
20763,Radio Flyer,35000000,4651977,114,2,1992,4,0,0,0,0,0,0,4,329223351,1,1,0,-30348023
9280,Femme Fatale,35000000,16838910,114,11,2002,2,0,0,0,0,1,25399000,9,514988537,3,3,0,-18161090
1969,Bandidas,35000000,10496317,93,1,2006,2,1,2192613,9,113092787,0,0,0,0,4,2,0,-24503683
239573,Unfinished Business,35000000,14431253,91,3,2015,3,6,511940699,1,84281051,0,0,1,25164106,1,1,0,-20568747
127493,Stolen,35000000,2106557,96,5,2012,3,23,1249301431,0,0,1,123076205,5,461459220,4,2,0,-32893443
12429,Ponyo,41677699,187479518,100,7,2008,5,0,0,1,132875308,0,0,3,603510858,2,1,1,145801819
18254,Reds,32000000,40382659,195,12,1981,4,0,0,0,0,0,0,0,0,2,5,1,8382659
71469,The Darkest Hour,30000000,64626786,89,12,2011,3,6,-1933816,1,20562924,0,0,0,0,4,1,1,34626786
7220,The Punisher,33000000,54700105,124,4,2004,3,2,9661064,10,366925996,0,0,0,0,3,1,1,21700105
72387,Safe,30000000,40346186,94,4,2012,0,10,224812506,13,1009291066,0,0,1,106706683,3,3,1,10346186
13460,Doomsday,30000000,22211426,108,3,2008,4,0,0,1,-10644631,0,0,1,50051053,3,1,0,-7788574
50647,Wanderlust,35000000,24159934,98,2,2012,3,3,53447256,0,0,1,-4463323,2,59917604,1,1,0,-10840066
9353,Nacho Libre,32000000,80197993,92,6,2006,4,1,96282949,0,0,1,907672,1,45718097,2,2,1,48197993
87567,The Big Wedding,35000000,21819348,90,4,2013,3,25,924487867,0,0,1,130372502,0,0,1,3,0,-13180652
45612,Source Code,32000000,147332697,93,3,2011,2,6,254044447,4,413019879,0,0,1,4760104,3,1,1,115332697
157841,The Young and Prodigious T.S. Spivet,33000000,9494789,105,10,2013,2,0,0,1,-19000000,1,-19000000,4,251681250,3,1,0,-23505211
11519,1941,35000000,31755742,113,12,1979,3,0,0,0,0,0,0,2,747442635,2,3,0,-3244258
124459,The Incredible Burt Wonderstone,30000000,27437881,100,3,2013,3,7,816524018,6,429803172,0,0,0,0,1,1,0,-2562119
32274,Cradle Will Rock,32000000,2899970,132,12,1999,4,0,0,1,28363635,0,0,1,28363635,1,1,0,-29100030
28,Apocalypse Now,31500000,89460381,153,8,1979,2,0,0,2,37362841,0,0,3,276429252,2,3,1,57960381
38073,Going the Distance,32000000,42045846,102,9,2010,2,8,293301672,2,180414308,0,0,0,0,3,1,1,10045846
302156,Criminal,31500000,14708696,113,4,2016,3,18,1053616102,9,733619360,0,0,1,-18030807,1,1,0,-16791304
11313,Hearts in Atlantis,31000000,24185781,101,9,2001,4,5,-14621876,0,0,0,0,2,9542248,2,1,0,-6814219
10559,Frequency,31000000,68106245,118,4,2000,4,2,27749570,0,0,0,0,0,0,4,1,1,37106245
296099,Vacation,31000000,104384188,99,7,2015,1,0,0,8,660235172,1,-2562119,0,0,1,1,1,73384188
72570,The Vow,30000000,196114570,104,2,2012,6,3,137280212,0,0,0,0,0,0,2,1,1,166114570
132363,The Butler,25000000,115922175,132,8,2013,4,3,58109490,5,1697071281,0,0,1,37536959,1,1,1,90922175
6557,27 Dresses,30000000,160259319,111,1,2008,3,0,0,8,436019617,0,0,1,102194847,2,1,1,130259319
18126,Hannah Montana: The Movie,35000000,155545279,102,4,2009,4,0,0,0,0,0,0,4,96038637,5,1,1,120545279
59967,Looper,30000000,47042000,118,9,2012,2,5,43455177,0,0,1,-14469236,1,-14469236,3,1,1,17042000
82696,Hope Springs,30000000,114281051,100,8,2012,1,12,1618078677,0,0,0,0,3,442081855,3,1,1,84281051
8292,Four Brothers,45000000,92374674,109,8,2005,3,7,352821460,0,0,0,0,5,299448663,2,2,1,47374674
59436,Midnight in Paris,30000000,151119219,94,5,2011,2,7,625236118,9,217118984,2,39345631,18,285228491,3,4,1,121119219
36593,The Naked Gun 33⅓: The Final Insult,30000000,51132598,83,3,1994,4,1,63930411,3,171560301,0,0,0,0,2,1,1,21132598
273481,Sicario,30000000,84025816,121,9,2015,3,1,-7590111,0,0,0,0,2,76430525,5,2,1,54025816
307081,Southpaw,30000000,91709827,123,6,2015,0,10,414836181,7,553509921,0,0,7,340303293,2,1,1,61709827
16871,Drag Me to Hell,30000000,90810892,99,3,2009,6,1,5657770,0,0,0,0,9,1923203911,2,4,1,60810892
59861,Larry Crowne,30000000,36160375,98,6,2011,3,20,5486716726,5,375881424,1,-8658984,1,32057416,3,1,1,6160375
184346,Deliver Us from Evil,30000000,87956618,118,7,2014,1,5,170537363,28,6334752999,0,0,3,353022766,3,1,1,57956618
48340,Sanctum,30000000,108609310,108,2,2011,3,1,159047763,0,0,0,0,0,0,2,1,1,78609310
14846,Little Black Book,35000000,22034832,111,8,2004,4,0,0,0,0,0,0,0,0,3,1,0,-12965168
9920,Ultraviolet,30000000,31070211,87,3,2006,4,4,153163868,0,0,0,0,1,-14640355,3,2,1,1070211
76640,The Last Stand,30000000,48330757,107,1,2013,5,19,2228647372,10,473025229,0,0,1,32226657,3,1,1,18330757
146238,Runner Runner,30000000,62616646,91,9,2013,1,13,940346399,1,47162162,0,0,1,45412898,3,1,1,32616646
9989,Antitrust,30000000,18195610,108,1,2001,4,1,3757163,2,17824377,0,0,1,52000000,3,1,0,-11804390
17186,Supercross,30000000,3252550,80,8,2005,1,0,0,0,0,0,0,1,-19437854,4,1,0,-26747450
13967,Miss Potter,30000000,35078241,92,12,2006,6,8,1351810242,5,98572231,0,0,1,224134910,3,1,1,5078241
254470,Pitch Perfect 2,29000000,287506194,115,5,2015,3,3,96458037,1,98350426,0,0,0,0,2,1,1,258506194
323676,The Boss,29000000,78636257,91,4,2016,3,1,80525432,6,599307378,0,0,1,80525432,1,1,1,49636257
24071,Mumford,28700000,4559569,112,9,1999,4,0,0,0,0,0,0,2,-30748000,3,1,0,-24140431
315664,Florence Foster Jenkins,29000000,48902953,110,5,2016,4,15,1914451037,2,7821474,0,0,9,199641308,2,1,1,19902953
9428,The Royal Tenenbaums,21000000,71441250,110,10,2001,4,4,172637463,8,625763361,0,0,2,1656122,2,2,1,50441250
2832,Identity,30000000,90259536,90,4,2003,4,7,51474444,7,512612165,0,0,3,57671155,2,1,1,60259536
13495,Alatriste,24000000,23321954,145,9,2006,4,3,35898981,0,0,0,0,0,0,1,1,0,-678046
5125,Rendition,27500000,24748670,120,9,2007,4,0,0,7,433947959,0,0,1,6879971,2,2,0,-2751330
63574,Joyful Noise,27500000,31157914,117,1,2012,4,3,14618976,0,0,0,0,1,-14789012,2,1,1,3657914
28355,Case 39,27000000,29000000,109,8,2009,3,4,271875998,9,422171817,0,0,0,0,3,1,1,2000000
56288,Spy Kids: All the Time in the World,27000000,85564310,89,8,2011,3,4,372176003,11,512951905,4,79370551,13,571699494,3,1,1,58564310
8944,What Just Happened,25000000,6673422,104,10,2008,4,22,2574171879,9,948042142,0,0,12,780552039,2,3,0,-18326578
41488,The Statement,27000000,1545064,120,12,2003,4,5,46795015,2,98260571,0,0,3,70617977,2,5,0,-25454936
2055,Open Range,22000000,68296293,139,8,2003,4,12,941011552,3,224795264,0,0,2,339835082,1,1,1,46296293
1551,Flatliners,26000000,61489265,115,8,1990,3,0,0,0,0,0,0,1,23722567,4,3,1,35489265
22894,Legion,26000000,67918658,100,1,2010,3,0,0,0,0,0,0,0,0,1,1,1,41918658
15028,Clockstoppers,26000000,38793283,94,3,2002,6,1,-982873,9,354132713,0,0,2,152000000,4,2,1,12793283
7445,Brothers,26000000,43318349,104,1,2009,1,4,1861981614,4,132702157,0,0,1,6442528,3,2,1,17318349
6466,Freddy vs. Jason,30000000,114908830,97,8,2003,4,5,170332827,1,12938065,0,0,2,-2879333,1,1,1,84908830
1497,Teenage Mutant Ninja Turtles II: The Secret of the Ooze,25000000,78000000,88,3,1991,4,0,0,0,0,0,0,0,0,5,1,1,53000000
117,The Untouchables,25000000,76270454,119,6,1987,1,0,0,1,22592880,0,0,4,59085643,4,1,1,51270454
75174,The Grey,25000000,77278331,117,1,2012,3,9,1416093260,3,131987361,1,40103895,2,46237642,3,1,1,52278331
12620,The House Bunny,25000000,70442940,97,8,2008,4,2,229483298,5,154213099,1,37478166,1,-13052916,2,1,1,45442940
21724,Dance Flick,25000000,32092761,83,5,2009,4,0,0,2,113681596,0,0,0,0,3,1,1,7092761
278,The Shawshank Redemption,25000000,28341469,142,9,1994,4,1,-25061851,0,0,0,0,0,0,2,1,1,3341469
10431,War,25000000,40452643,103,8,2007,4,6,312929710,0,0,0,0,0,0,3,4,1,15452643
9352,EuroTrip,25000000,20796847,93,2,2004,4,0,0,0,0,0,0,0,0,1,5,0,-4203153
17170,"Bright Lights, Big City",25000000,16118077,107,4,1988,4,1,362109762,2,253699205,0,0,0,0,1,1,0,-8881923
15487,The Greatest Game Ever Played,25000000,15431177,120,9,2005,4,1,-160855,0,0,0,0,1,2110448,2,1,0,-9568823
43931,My Soul to Take,25000000,19829957,107,10,2010,4,0,0,2,72345348,1,84908830,8,479025638,4,1,0,-5170043
276907,Legend,25000000,42972994,131,9,2015,2,4,182270497,34,2239166374,3,109353196,4,155694613,2,1,1,17972994
8988,Stop-Loss,25000000,11207130,113,3,2008,4,3,-32146978,0,0,0,0,1,9540607,2,1,0,-13792870
17707,Brokedown Palace,25000000,13000000,100,8,1999,4,0,0,1,-9937594,0,0,0,0,2,2,0,-12000000
21338,Stone Cold,25000000,9286314,92,5,1991,4,0,0,1,7232628,0,0,1,13256975,3,1,0,-15713686
11699,The Bad Lieutenant: Port of Call - New Orleans,25000000,10589102,122,9,2009,4,18,1148188764,4,-31150100,0,0,1,-2822857,2,2,0,-14410898
48034,Little White Lies,25000000,48531470,154,10,2010,2,0,0,0,0,0,0,0,0,2,1,1,23531470
109091,The Counselor,25000000,71009334,117,10,2013,4,2,6008464,7,453414785,1,-26879733,13,1203354945,3,1,1,46009334
242166,Red Sky,25000000,91116,100,3,2014,2,0,0,0,0,0,0,1,-2270616,2,1,0,-24908884
174751,Jane Got a Gun,25000000,1397284,98,1,2016,4,5,573136350,1,-6617054,0,0,4,36620327,3,1,0,-23602716
184098,Think Like a Man Too,24000000,70181428,105,6,2014,4,0,0,3,183084314,1,84070507,5,442860167,2,1,1,46181428
177,The Fisher King,24000000,41895491,137,9,1991,0,0,0,4,112744977,0,0,3,36926675,2,1,1,17895491
10358,Zack and Miri Make a Porno,24000000,42105111,102,9,2008,3,2,263701361,5,67199081,2,16775451,7,66445772,1,1,1,18105111
20697,Ready to Rumble,24000000,12372410,107,4,2000,4,4,428787149,2,158403732,0,0,1,38294169,3,1,0,-11627590
20761,Play It to the Bone,24000000,8434146,124,12,1999,5,3,75392867,0,0,0,0,1,8854588,2,2,0,-15565854
43593,Piranha 3D,24000000,83188165,88,8,2010,4,1,-20982604,2,40623240,1,14706120,3,95645414,2,1,1,59188165
40688,Meet the Deedles,24000000,4562146,93,3,1998,4,0,0,0,0,0,0,0,0,3,1,0,-19437854
41283,Faster,24000000,23081726,98,11,2010,1,9,310446773,2,133176672,0,0,2,52807298,4,1,0,-918274
19908,Zombieland,23600000,102391382,88,10,2009,2,1,7664377,3,71889503,0,0,0,0,2,1,1,78791382
37137,The Naked Gun 2½: The Smell of Fear,23000000,86930411,85,6,1991,4,0,0,2,107629890,0,0,0,0,2,1,1,63930411
152601,Her,23000000,47351251,126,12,2013,2,7,173924067,4,355116832,1,97224271,3,23751562,3,1,1,24351251
10866,Joy Ride,23000000,36642838,97,10,2001,4,1,243649,2,247722565,0,0,1,10921898,3,1,1,13642838
227707,The Adventurer: The Curse of the Midas Box,25000000,6399,99,12,2013,3,0,0,0,0,0,0,0,0,3,1,0,-24993601
70435,Haywire,23000000,33372606,93,11,2011,6,0,0,0,0,0,0,12,1332439176,2,2,1,10372606
256917,The Water Diviner,22500000,15520023,112,12,2014,3,12,1091550661,2,-15480702,0,0,0,0,2,4,0,-6979977
2176,The Glass House,30000000,23619609,106,9,2001,4,1,-4154873,6,362126175,0,0,0,0,2,2,0,-6380391
270487,"Hail, Caesar!",22000000,63647656,106,2,2016,4,4,15422179,8,661033245,4,203033569,10,688291647,3,1,1,41647656
19366,Josie and the Pussycats,22000000,14252830,98,4,2001,4,0,0,0,0,1,15605015,1,15605015,2,1,0,-7747170
17709,Dudley Do-Right,22000000,9818792,77,8,1999,4,2,124726277,5,584517400,0,0,3,237361916,3,1,0,-12181208
11661,Joyeux Noël,22000000,17709155,116,11,2005,2,0,0,1,2733256,0,0,0,0,5,4,0,-4290845
9473,"South Park: Bigger, Longer & Uncut",21000000,52037603,81,6,1999,2,1,-372713,1,-372713,1,-372713,1,-372713,3,1,1,31037603
1499,Teenage Mutant Ninja Turtles III,21000000,42000000,96,3,1993,2,1,53000000,0,0,0,0,0,0,6,1,1,21000000
7341,The Rage: Carrie 2,21000000,17762705,104,3,1999,3,0,0,1,11000000,1,-12436272,0,0,3,1,0,-3237295
19255,Away We Go,17000000,14899417,98,6,2009,4,0,0,0,0,0,0,4,507413770,3,1,0,-2100583
10187,Swing Vote,21000000,17600000,120,8,2008,4,13,987307845,6,724019420,0,0,0,0,2,1,0,-3400000
31005,Moonlight Mile,21000000,10011050,117,9,2002,0,2,-12727168,4,546145286,0,0,2,381613308,2,2,0,-10988950
44857,Molly,21000000,17396,102,10,1999,4,0,0,1,-17770689,0,0,0,0,3,1,0,-20982604
16363,The Best Little Whorehouse in Texas,35000000,69701637,114,7,1982,4,0,0,0,0,0,0,0,0,1,1,1,34701637
840,Close Encounters of the Third Kind,20000000,303788635,135,11,1977,2,1,139223000,0,0,0,0,1,463654000,2,4,1,283788635
10678,Bringing Down the House,20000000,132675402,105,3,2003,4,5,11366058,0,0,1,30227069,2,89955598,1,2,1,112675402
16290,Jackass 3D,20000000,117224271,94,10,2010,4,3,181864700,2,121061024,0,0,2,121061024,3,2,1,97224271
226486,Tammy,20000000,100525432,97,7,2014,2,0,0,3,254184356,0,0,0,0,1,1,1,80525432
273895,Selma,20000000,66787908,127,12,2014,3,1,36806,1,15226144,0,0,1,36806,2,1,1,46787908
9963,Premonition,20000000,84146832,96,2,2007,3,12,514232509,0,0,0,0,0,0,3,1,1,64146832
272878,Max,20000000,43967255,111,6,2015,4,1,-5986278,7,2456563856,1,-2716629,2,117052869,3,1,1,23967255
9760,Epic Movie,20000000,86865564,86,1,2007,3,2,9255071,5,194913177,0,0,1,28548426,3,1,1,66865564
314365,Spotlight,20000000,88346473,128,11,2015,4,1,55464861,13,384333930,0,0,1,8179814,3,1,1,68346473
33644,How Stella Got Her Groove Back,20000000,37672350,124,8,1998,4,1,24100956,0,0,0,0,0,0,3,1,1,17672350
40264,Vampires Suck,20000000,80547866,82,8,2010,2,0,0,2,43756115,1,66865564,4,139170105,2,2,1,60547866
10139,Milk,20000000,54586584,128,11,2008,2,7,267163185,5,897169962,0,0,5,251888748,2,1,1,34586584
55465,A Very Harold & Kumar Christmas,19000000,35387212,108,11,2011,4,0,0,1,14936908,0,0,0,0,1,1,1,16387212
617,Wild Things,20000000,67200000,108,3,1998,4,2,19051127,0,0,0,0,0,0,3,1,1,47200000
48289,The Debt,20000000,45636368,113,4,2010,6,2,176338172,7,136236796,0,0,2,269430689,2,3,1,25636368
17182,Eye for an Eye,20000000,26792700,101,1,1996,4,0,0,0,0,0,0,1,41185053,2,4,1,6792700
38303,You Again,20000000,32005248,105,9,2010,4,1,-8092315,0,0,0,0,3,196073690,2,1,1,12005248
107985,The World's End,20000000,46089287,109,7,2013,3,3,117613166,30,2104675123,0,0,3,82277725,3,1,1,26089287
10115,Stick It,20000000,30399714,105,4,2006,4,6,87955863,0,0,0,0,0,0,2,1,1,10399714
25132,Shorts,40000000,28972508,89,8,2009,4,0,0,8,426402685,3,90398043,11,571399087,2,1,0,-11027492
328387,Nerve,20000000,83707310,96,7,2016,2,4,59901463,0,0,0,0,2,338521810,3,1,1,63707310
13596,My Best Friend's Girl,20000000,36620508,101,9,2008,4,2,60561037,0,0,0,0,2,-13789708,2,1,1,16620508
226857,Endless Love,20000000,34077920,103,2,2014,2,3,104596271,1,138965010,2,-353010,2,-353010,2,1,1,14077920
61012,Silent Hill: Revelation 3D,20000000,52302796,94,10,2012,2,0,0,2,46526414,0,0,0,0,3,1,1,32302796
18357,The Country Bears,20000000,16988996,88,7,2002,4,1,135926552,0,0,0,0,0,0,3,1,0,-3011004
15644,Paparazzi,20000000,16605763,84,9,2004,4,0,0,4,797322195,0,0,0,0,3,2,0,-3394237
4597,Armored,20000000,22942221,88,12,2009,4,1,62511123,0,0,0,0,0,0,4,2,1,2942221
81796,Lockout,20000000,32204030,95,4,2012,3,4,67563371,0,0,2,-2559447,0,0,3,1,1,12204030
17134,12 Rounds,20000000,17280326,108,3,2009,3,1,2165608,2,420718292,0,0,12,311623333,4,2,0,-2719674
146198,Triple 9,20000000,12639297,115,2,2016,4,4,-20461088,0,0,0,0,2,-1316002,2,1,0,-7360703
171274,Inherent Vice,20000000,11110975,148,12,2014,3,8,198275318,3,40466771,1,-3741940,5,80020168,5,1,0,-8889025
14582,Passchendaele,20000000,4453327,114,10,2008,4,1,-3254130,1,-5155021,0,0,1,-3254130,4,2,0,-15546673
14914,Flash of Genius,20000000,4504111,119,9,2008,6,0,0,9,566278936,0,0,0,0,1,1,0,-15495889
77948,The Cold Light of Day,20000000,16863583,93,4,2012,2,0,0,0,0,0,0,0,0,2,2,0,-3136417
21755,The Brothers Bloom,20000000,5530764,114,9,2008,1,0,0,0,0,0,0,0,0,4,4,0,-14469236
334531,My All American,20000000,2246000,118,11,2015,4,6,192114799,6,261778741,0,0,0,0,1,1,0,-17754000
19457,The Yards,20000000,2282710,115,4,2000,3,3,32264937,1,35541667,0,0,0,0,4,2,0,-17717290
112937,The Oogieloves in the Big Balloon Adventure,20000000,1065907,88,8,2012,2,1,-15054400,0,0,0,0,0,0,1,1,0,-18934093
13688,CJ7,20000000,47300771,86,1,2008,2,1,80914445,0,0,0,0,1,80914445,5,1,1,27300771
44638,The Tempest,20000000,346594,110,12,2010,4,4,177120689,0,0,0,0,2,28665617,2,1,0,-19653406
199373,The Frozen Ground,27220000,5496951,105,7,2013,3,25,1666586916,0,0,0,0,0,0,2,1,0,-21723049
11247,A Cinderella Story,19000000,70067909,95,7,2004,5,1,38534455,2,52484538,0,0,0,0,1,3,1,51067909
105,Back to the Future,19000000,381109762,116,7,1985,2,0,0,0,0,1,-3244258,0,0,4,1,1,362109762
203833,The Book Thief,19000000,76086711,131,11,2013,4,4,52326726,6,2399477145,1,59047633,0,0,1,2,1,57086711
23082,The Invention of Lying,18500000,31912793,100,9,2009,6,1,9843245,2,174044353,0,0,0,0,3,2,1,13412793
195589,Neighbors,18000000,268157400,96,5,2014,3,8,664698264,2,125229105,0,0,3,149112522,1,1,1,250157400
218043,Left Behind,16000000,19682924,110,10,2014,4,27,1643229334,0,0,0,0,0,0,3,1,1,3682924
302688,My Big Fat Greek Wedding 2,18000000,88923251,94,3,2016,2,0,0,6,382041799,2,-2498609,4,178591949,3,1,1,70923251
160588,Blue Jasmine,18000000,99206215,98,7,2013,3,6,228426518,10,338238203,4,216709731,20,462592591,2,1,1,81206215
28665,Fame,18000000,80227619,107,1,2009,3,0,0,15,570524559,0,0,0,0,4,1,1,62227619
321697,Steve Jobs,30000000,34441873,122,10,2015,4,3,52017798,2,21954489,0,0,7,561150674,2,1,1,4441873
146227,Getaway,18000000,10501938,90,8,2013,3,9,95572901,3,-7341687,0,0,1,16443277,2,1,0,-7498062
68924,The Ice Storm,18000000,8038061,112,9,1997,5,2,55426569,0,0,0,0,1,118500000,1,1,0,-9961939
22102,Troop Beverly Hills,18000000,7190505,105,3,1989,2,0,0,0,0,0,0,0,0,3,1,0,-10809495
13809,RockNRolla,18000000,25739015,114,9,2008,3,0,0,0,0,1,73557872,3,66704086,3,2,1,7739015
10017,The Wraith,2700000,3500000,93,11,1986,4,0,0,0,0,0,0,0,0,5,1,1,800000
31166,I Come with the Rain,18000000,627422,114,5,2009,3,6,216009631,0,0,0,0,0,0,2,1,0,-17372578
69848,One Man's Hero,18000000,229311,121,8,1999,0,2,171327713,0,0,0,0,0,0,4,1,0,-17770689
332411,I Am Wrath,18000000,309608,92,4,2016,3,20,1040564303,0,0,0,0,5,616441065,4,1,0,-17690392
8363,Superbad,20000000,121463226,113,8,2007,4,0,0,4,294315398,0,0,0,0,1,1,1,101463226
1933,The Others,17000000,207765056,101,8,2001,3,2,127997948,0,0,0,0,0,0,4,2,1,190765056
21765,Good Boy!,17000000,45312217,87,10,2003,4,1,16628981,0,0,0,0,0,0,3,1,1,28312217
146304,The Best Man Holiday,17000000,71625195,123,11,2013,4,1,15563727,5,301892604,2,34224565,6,88986737,1,1,1,54625195
7516,Smokin' Aces,17000000,57103895,109,12,2006,5,3,137960304,17,1012078559,0,0,1,6133747,4,1,1,40103895
2752,40 Days and 40 Nights,17000000,95092667,94,3,2002,4,1,80989651,6,357957004,0,0,1,-47781920,2,1,1,78092667
13960,ATL,20000000,21170563,105,3,2006,4,0,0,2,296870125,0,0,0,0,1,1,1,1170563
16028,They,17000000,16140842,89,11,2002,4,0,0,2,48022714,0,0,1,37189039,2,1,0,-859158
26390,Brooklyn's Finest,17000000,29536299,133,1,2009,4,8,186233081,0,0,0,0,4,99410616,3,1,1,12536299
16988,How She Move,17000000,8607815,94,1,2008,4,0,0,0,0,0,0,0,0,1,1,0,-8392185
7304,Running Scared,17000000,9500000,122,1,2006,4,5,244111910,1,16915761,0,0,1,7131455,4,2,0,-7500000
2989,Roar,17000000,2000000,102,11,1981,3,0,0,0,0,0,0,0,0,2,1,0,-15000000
79694,The Apparition,17000000,9627492,82,8,2012,3,0,0,0,0,0,0,0,0,2,1,0,-7372508
10673,Wall Street,15000000,43848069,126,12,1987,3,1,800000,0,0,1,-3000000,2,129530565,2,1,1,28848069
8467,Dumb and Dumber,16000000,247275374,107,12,1994,4,2,420800803,0,0,0,0,0,0,1,1,1,231275374
74643,The Artist,15000000,133432856,100,5,2011,6,0,0,1,35649600,0,0,0,0,3,1,1,118432856
13788,The Unborn,16000000,76514050,87,1,2009,4,0,0,3,160514058,3,251098928,1,63905366,3,2,1,60514050
83666,Moonrise Kingdom,16000000,68263166,94,5,2012,2,26,2637538839,22,1532048784,1,6471023,5,43376798,3,1,1,52263166
16161,Baby Boy,16000000,29381649,130,6,2001,2,0,0,1,13515786,1,51004069,3,125716353,3,1,1,13381649
49950,The Roommate,16000000,40492759,91,2,2011,4,0,0,3,99158623,0,0,0,0,3,1,1,24492759
23169,Remember Me,16000000,56506120,113,3,2010,4,0,0,0,0,0,0,0,0,2,1,1,40506120
12120,My Stepmother is an Alien,20000000,13854000,108,12,1988,4,2,84985632,0,0,0,0,0,0,2,1,0,-6146000
9781,Detroit Rock City,6500000,4217115,95,8,1999,4,0,0,0,0,0,0,0,0,2,1,0,-2282885
8854,Steel,16000000,1686429,97,8,1997,4,0,0,0,0,0,0,0,0,3,1,0,-14313571
152599,The Immigrant,16000000,5867686,117,7,2013,2,0,0,2,31324120,1,-17717290,3,7357778,2,3,0,-10132314
18840,The White Countess,16000000,2814566,135,10,2005,6,5,231025656,4,25306537,0,0,5,37044448,4,5,0,-13185434
68727,Trance,20000000,24261569,101,3,2013,2,3,256037394,1,17692920,1,2563661,6,556889105,4,2,1,4261569
34647,Enter the Void,13000000,754249,161,5,2009,1,0,0,0,0,1,2733256,1,2733256,2,2,0,-12245751
264656,The Homesman,16000000,3442853,122,5,2014,6,4,179317789,16,729965896,0,0,1,-2963851,2,1,0,-12557147
9035,Slither,15250000,12930343,95,3,2006,4,1,-130536,0,0,1,-987004,0,0,3,2,0,-2319657
33196,Tidal Wave,16000000,11301649,120,6,2009,5,0,0,0,0,0,0,0,0,4,2,0,-4698351
16769,Coal Miner's Daughter,15000000,67182787,125,3,1980,4,0,0,0,0,0,0,0,0,2,1,1,52182787
132232,Mama,15000000,146497771,100,1,2013,3,1,92820716,0,0,0,0,0,0,1,1,1,131497771
18736,The Lizzie McGuire Movie,17000000,55534455,94,4,2003,4,0,0,0,0,0,0,0,0,2,2,1,38534455
287903,Krampus,15000000,61548707,98,11,2015,3,0,0,0,0,0,0,0,0,3,2,1,46548707
2142,Cop Land,15000000,44862187,104,8,1997,4,10,1002056401,1,159046663,0,0,0,0,3,1,1,29862187
24150,Halloween II,15000000,39421467,105,8,2009,4,0,0,0,0,0,0,2,23769973,1,1,1,24421467
228970,Wild,15000000,52501541,115,12,2014,4,7,412933691,1,83733697,0,0,2,42608174,1,1,1,37501541
6961,The Wedding Date,15000000,47175038,88,2,2005,4,0,0,1,81196419,0,0,1,-1891482,2,1,1,32175038
14047,The Great Debaters,15000000,30226144,126,12,2007,3,18,936774190,0,0,0,0,1,10867586,1,1,1,15226144
232679,When the Game Stands Tall,15000000,30127963,115,8,2014,4,3,607988539,1,-5565561,0,0,2,124708082,1,1,1,15127963
14736,Love & Basketball,20000000,27728118,124,4,2000,4,0,0,5,66627292,0,0,0,0,4,2,1,7728118
23706,All About Steve,15000000,40105542,99,9,2009,4,14,855754372,3,241737314,0,0,0,0,1,2,1,25105542
342521,Keanu,15000000,20566327,94,4,2016,3,0,0,0,0,0,0,0,0,2,1,1,5566327
45272,Country Strong,15000000,20529194,117,12,2010,2,3,143685312,1,-1939157,1,-5882204,1,-5882204,2,1,1,5529194
97430,The Man with the Iron Fists,15000000,15608545,96,11,2012,4,10,853304643,5,189650419,0,0,0,0,1,1,1,608545
14024,Raise Your Voice,15000000,14867514,103,8,2004,1,2,89602364,0,0,0,0,0,0,3,2,0,-132486
115,The Big Lebowski,15000000,46189568,117,3,1998,4,2,-9804509,0,0,0,0,1,-25061851,2,4,1,31189568
16222,Whatever It Takes,15000000,9902115,94,3,2000,4,0,0,1,-4649226,0,0,1,6017070,3,1,0,-5097885
25704,Post Grad,15000000,6405245,89,8,2009,4,3,11803498,7,598996528,0,0,1,292275019,1,1,0,-8594755
133694,Promised Land,15000000,8138788,106,9,2012,6,18,1056401382,0,0,0,0,6,286475332,1,1,0,-6861212
19265,Whatever Works,15000000,35097815,92,6,2009,4,0,0,7,177773353,0,0,16,245882860,2,1,1,20097815
1018,Mulholland Drive,15000000,20117339,147,5,2001,2,0,0,0,0,0,0,4,15046944,3,2,1,5117339
38031,You Will Meet a Tall Dark Stranger,15000000,34247816,98,5,2010,6,0,0,8,197871168,1,20097815,17,265980675,3,1,1,19247816
11190,The Return,15000000,5953886,105,6,2003,2,0,0,0,0,0,0,0,0,3,1,0,-9046114
23759,Centurion,12000000,6814789,97,2,2010,0,0,0,2,27156753,1,-7788574,2,42262479,3,1,0,-5185211
262543,Automata,15000000,6775458,110,10,2014,3,11,816801576,0,0,0,0,0,0,2,1,0,-8224542
264999,Magic Mike XXL,14800000,122513057,115,7,2015,2,5,463517061,10,222098329,0,0,0,0,3,1,1,107713057
11586,Exorcist II: The Heretic,14000000,30749142,118,6,1977,4,1,433306145,0,0,0,0,1,700000,3,3,1,16749142
14557,Dead Man on Campus,14000000,15064948,96,8,1998,4,1,32057416,7,338567765,0,0,0,0,1,1,1,1064948
28029,A Walk on the Moon,14000000,4741987,107,1,1999,4,0,0,0,0,0,0,0,0,2,1,0,-9258013
87729,Jefferson in Paris,14000000,2474000,139,3,1995,4,1,44787599,3,36832537,0,0,4,48570448,2,1,0,-11526000
16899,Easy Virtue,14000000,20537741,93,1,2008,1,0,0,2,68378141,0,0,1,3260865,2,1,1,6537741
245700,Mr. Turner,14000000,25187026,150,10,2014,4,0,0,1,10124262,3,3662372,3,3662372,2,1,1,11187026
37842,Wild Grass,14000000,1903952,104,5,2009,2,0,0,0,0,0,0,0,0,2,1,0,-12096048
44754,Margaret,14000000,46495,149,9,2011,4,1,23809206,8,550450486,2,-31237824,1,9627356,1,1,0,-13953505
243938,Hot Tub Time Machine 2,14000000,12314651,93,2,2015,4,0,0,1,12400000,0,0,2,65074946,1,1,0,-1685349
801,"Good Morning, Vietnam",13000000,123922370,121,12,1987,2,0,0,1,1739000,0,0,2,9331907,3,1,1,110922370
4951,10 Things I Hate About You,16000000,53478166,97,3,1999,1,0,0,1,2511317,0,0,0,0,3,2,1,37478166
10985,The New Guy,13000000,28972187,88,5,2002,4,0,0,0,0,0,0,0,0,2,3,1,15972187
136835,No Good Deed,13200000,53830415,83,9,2014,2,2,219932906,4,229265742,0,0,1,-3935641,2,1,1,40630415
264660,Ex Machina,15000000,36869414,108,1,2015,2,1,77309178,6,219979313,0,0,0,0,2,1,1,21869414
492,Being John Malkovich,13000000,22863596,112,9,1999,3,4,-25031751,2,181038933,0,0,0,0,3,2,1,9863596
11592,Serial Mom,13000000,7820688,95,4,1994,2,1,23382841,0,0,0,0,1,401802,4,1,0,-5179312
3682,54,13000000,16757163,106,8,1998,4,0,0,0,0,0,0,0,0,2,1,1,3757163
59678,Attack the Block,14350531,3964682,88,5,2011,3,0,0,1,26039392,0,0,0,0,3,1,0,-10385849
79777,In the Land of Blood and Honey,10000000,303877,127,12,2011,4,0,0,0,0,0,0,0,0,3,4,0,-9696123
407887,Operation Chromite,12700000,49196532,110,7,2016,2,0,0,0,0,0,0,0,0,4,2,1,36496532
17043,The Crocodile Hunter: Collision Course,12500000,33436931,90,7,2002,4,0,0,0,0,0,0,0,0,3,1,1,20936931
8952,I Love You Phillip Morris,13000000,10652035,98,1,2009,6,17,2242238378,5,-13695260,0,0,0,0,3,1,0,-2347965
26688,Sorority Row,12500000,27206120,101,9,2009,2,0,0,0,0,0,0,0,0,3,1,1,14706120
6615,Lars and the Real Girl,12000000,11293663,106,10,2007,4,3,2641784,0,0,0,0,0,0,3,2,0,-706337
16,Dancer in the Dark,12800000,40031879,140,5,2000,2,0,0,0,0,0,0,0,0,3,1,1,27231879
56601,The Perfect Game,12500000,3878993,118,4,2010,3,0,0,0,0,0,0,1,-9278892,2,1,0,-8621007
67660,Think Like a Man,12000000,96070507,122,4,2012,0,0,0,1,62511123,0,0,3,229791841,2,1,1,84070507
75674,Act of Valor,12000000,81272766,110,2,2012,4,1,3657377,0,0,0,0,0,0,3,2,1,69272766
36819,Time Bandits,5000000,42365581,116,7,1981,0,11,586686761,0,0,1,4628948,1,4628948,5,1,1,37365581
9357,One Hour Photo,12000000,52223306,96,8,2002,2,11,1372242573,1,-2259970,0,0,0,0,2,1,1,40223306
13812,Quarantine,12000000,40855419,89,10,2008,4,0,0,2,70303204,0,0,0,0,3,1,1,28855419
19084,Johnson Family Vacation,12000000,31179516,97,4,2004,2,0,0,0,0,0,0,0,0,2,1,1,19179516
284296,Top Five,12000000,25514848,102,12,2014,4,4,-14950828,27,1770348637,0,0,2,5280010,2,1,1,13514848
31915,Prophecy,12000000,54000000,102,1,1979,0,0,0,0,0,0,0,1,1000000,2,1,1,42000000
11354,The Upside of Anger,12000000,28915761,118,1,2005,6,0,0,0,0,0,0,0,0,2,1,1,16915761
129670,Nebraska,12000000,17654912,115,9,2013,5,0,0,2,39533461,0,0,4,335282898,2,2,1,5654912
9059,Tales from the Crypt: Demon Knight,12000000,21089146,92,1,1995,4,0,0,0,0,0,0,0,0,3,1,1,9089146
46889,Living Out Loud,12000000,12902790,100,10,1998,4,2,111819269,4,84521440,2,-12252022,0,0,3,1,1,902790
38093,Just Wright,12000000,21867665,100,5,2010,4,2,4751311,0,0,0,0,1,17352417,3,1,1,9867665
14976,Rachel Getting Married,12000000,17475475,113,10,2008,4,5,236738814,3,226537029,0,0,4,420379813,1,1,1,5475475
122906,About Time,12000000,89309178,123,8,2013,4,0,0,1,-9773208,2,97933663,2,191280550,3,1,1,77309178
60599,Arbitrage,12000000,35485056,100,9,2012,4,10,230570769,0,0,0,0,0,0,2,1,1,23485056
227719,Project Almanac,12000000,32248241,106,1,2015,4,0,0,10,1013597974,0,0,0,0,2,1,1,20248241
14299,Cadillac Records,12000000,8942516,109,12,2008,4,2,77198802,0,0,0,0,0,0,3,1,0,-3057484
31246,From Justin to Kelly,12000000,4922166,90,6,2003,4,0,0,0,0,0,0,2,97794361,2,1,0,-7077834
10362,Two Lovers,12000000,3148182,110,11,2008,2,5,186517825,1,-6876149,0,0,2,16209596,2,1,0,-8851818
45226,The Pursuit of D.B. Cooper,12000000,2104164,100,11,1981,4,0,0,0,0,0,0,0,0,3,1,0,-9895836
86825,Stoker,12000000,12077441,99,2,2013,3,1,825491110,5,457435834,0,0,2,30951876,3,1,1,77441
38448,Ondine,12000000,1644755,111,9,2009,0,6,90932994,0,0,0,0,7,148269308,2,3,0,-10355245
89325,Darling Companion,12000000,1200346,103,4,2012,4,3,23386195,6,59342610,1,-24140431,4,-47172995,2,1,0,-10799654
21345,City of Life and Death,12000000,10652498,132,4,2009,2,0,0,1,27300771,0,0,0,0,3,4,0,-1347502
61984,Space Battleship Yamato,12000000,11212294,131,12,2010,2,0,0,0,0,0,0,0,0,1,1,0,-787706
26466,Triangle,12000000,1595168,99,10,2009,4,0,0,2,34465157,0,0,1,-4049998,1,1,0,-10404832
345003,10 Days in a Madhouse,12000000,14616,111,11,2015,4,0,0,0,0,0,0,0,0,1,1,0,-11985384
107,Snatch,10000000,83557872,103,9,2000,4,0,0,1,2547569,0,0,1,2547569,2,2,1,73557872
11,Star Wars,11000000,775398007,121,5,1977,2,0,0,1,139223000,0,0,1,139223000,3,1,1,764398007
11887,High School Musical 3: Senior Year,11000000,274392880,116,10,2008,2,0,0,0,0,0,0,1,11514713,5,1,1,263392880
12094,Jackass Number Two,11000000,72778712,95,9,2006,4,2,120085988,1,59282312,0,0,1,59282312,3,1,1,61778712
10229,A Walk to Remember,11000000,41227069,101,1,2002,4,0,0,3,89000,0,0,1,59728529,2,1,1,30227069
22804,Saw VI,11000000,68233629,90,10,2009,3,4,535212074,6,704168513,1,103057533,0,0,2,1,1,57233629
16888,The Ladies Man,24000000,13700000,84,10,2000,4,0,0,1,101697323,0,0,1,30100000,1,1,0,-10300000
12149,Frailty,11000000,13110448,100,11,2001,5,1,-683727,3,83632139,0,0,0,0,3,1,1,2110448
304357,Woman in Gold,11000000,61619773,120,4,2015,4,6,224348104,2,-4642625,0,0,1,28657696,1,2,1,50619773
11109,Vera Drake,11000000,13353855,125,10,2004,4,0,0,2,-3698406,1,-8815745,1,-8815745,2,1,1,2353855
86829,Inside Llewyn Davis,11000000,32935319,105,10,2013,6,0,0,7,639097926,2,55619902,9,666356328,2,1,1,21935319
13888,Return to the Blue Lagoon,11000000,2807854,98,8,1991,4,0,0,0,0,0,0,0,0,3,1,0,-8192146
42345,The Molly Maguires,11000000,2200000,124,1,1970,1,6,496875272,0,0,0,0,1,7500000,2,1,0,-8800000
13994,Romance & Cigarettes,11000000,3231251,105,9,2005,1,0,0,1,-9163359,0,0,1,-9163359,3,2,0,-7768749
11917,Saw V,10800000,113857533,92,10,2008,3,3,432154541,5,601110980,0,0,0,0,3,1,1,103057533
80271,LOL,11000000,10431506,97,2,2012,4,2,193224227,2,61685887,0,0,0,0,3,1,0,-568494
4657,Jindabyne,10800000,2862544,123,7,2006,3,4,232405887,0,0,0,0,0,0,4,1,0,-7937456
13067,In the Land of Women,10000000,17500000,97,4,2007,0,6,147978866,6,426447959,0,0,0,0,3,1,1,7500000
88641,There Goes My Baby,10500000,123509,99,9,1994,4,0,0,0,0,0,0,0,0,2,1,0,-10376491
14877,September Dawn,10100000,1066555,110,5,2007,3,1,-10644631,0,0,0,0,1,31726644,5,1,0,-9033445
489,Good Will Hunting,10000000,225933435,126,12,1997,4,5,1075500730,3,219689769,0,0,2,5185850,1,1,1,215933435
373314,Misconduct,11000000,2352511,106,2,2016,4,1,-19902,0,0,0,0,0,0,2,2,0,-8647489
316727,The Purge: Election Year,10000000,118587880,105,6,2016,2,0,0,12,1053257585,2,186111474,2,186111474,3,1,1,108587880
11804,White Noise,10000000,91196419,101,1,2005,4,2,175133326,0,0,0,0,0,0,3,1,1,81196419
16781,Madea's Family Reunion,6000000,57231524,110,2,2006,4,0,0,0,0,1,44958356,0,0,3,2,1,51231524
1970,The Grudge,10000000,183474602,92,10,2004,4,3,58357850,1,74646581,0,0,0,0,3,2,1,173474602
321258,The Boy,10000000,64188367,97,1,2016,4,0,0,24,976568402,0,0,2,118863585,3,1,1,54188367
10426,Friday After Next,20000000,33526835,85,11,2002,4,4,148807819,0,0,2,66875267,0,0,1,3,1,13526835
280092,Insidious: Chapter 3,10000000,104303851,97,6,2015,3,2,-16161400,2,249160813,2,198220819,0,0,3,2,1,94303851
1832,Dogma,10000000,30652890,130,11,1999,4,2,12623722,1,11771272,1,-3877439,3,11017963,3,1,1,20652890
20616,Swimfan,8500000,34411240,84,9,2002,4,2,11810410,2,-9647129,0,0,0,0,2,1,1,25911240
294272,Pete's Dragon,65000000,143695338,102,8,2016,2,2,183172438,2,-39972842,0,0,0,0,3,1,1,78695338
283445,Sinister 2,10000000,52882018,97,8,2015,2,1,24513466,0,0,1,57956618,0,0,1,1,1,42882018
88036,Sparkle,14000000,24637469,116,8,2012,4,1,386006740,0,0,0,0,1,31110610,2,2,1,10637469
42684,Skyline,10000000,66821036,100,11,2010,3,0,0,0,0,0,0,1,1797066,1,1,1,56821036
15648,The Perfect Man,10000000,19535005,100,6,2005,4,3,89469878,4,240589114,1,68916474,1,51067909,4,2,1,9535005
41823,Mo' Better Blues,10000000,16153593,129,8,1990,4,1,-3100203,3,46303791,2,15508346,3,46303791,2,1,1,6153593
14729,The Long Riders,10000000,15795189,99,5,1980,0,1,7700000,0,0,0,0,0,0,2,2,1,5795189
103731,Mud,10000000,21587700,130,5,2013,2,11,283160658,3,36978986,0,0,2,-1866512,1,1,1,11587700
17710,Hey Arnold! The Movie,10000000,13684949,76,6,2002,4,0,0,0,0,0,0,0,0,2,1,1,3684949
328425,The Gift,5000000,58978653,108,7,2015,3,7,262999077,0,0,0,0,0,0,2,1,1,53978653
87093,Big Eyes,10000000,28883511,105,12,2014,2,4,397768738,8,592592652,1,-5017320,13,2321534730,1,3,1,18883511
9893,Sleepover,10000000,9408183,89,7,2004,4,1,112934180,0,0,0,0,0,0,2,2,0,-591817
87818,Movie 43,6000000,32438988,90,1,2013,1,3,274926238,0,0,0,0,2,-29203190,1,1,1,26438988
13160,Over Her Dead Body,10000000,21596074,95,2,2008,4,0,0,2,113371457,0,0,0,0,1,1,1,11596074
73247,Heartbeeps,10000000,2154696,79,12,1981,4,0,0,0,0,0,0,0,0,3,1,0,-7845304
253331,Black or White,9000000,21571189,121,9,2014,5,16,1012336989,7,720619420,1,16915761,2,19138069,1,1,1,12571189
34043,On the Line,10000000,4690802,85,10,2001,4,0,0,2,109244833,0,0,0,0,3,3,0,-5309198
134371,Atlas Shrugged Part II,10000000,3336053,112,10,2012,4,0,0,0,0,0,0,0,0,3,1,0,-6663947
25520,The House of Mirth,10000000,5164404,140,9,2000,5,0,0,0,0,0,0,0,0,2,2,0,-4835596
329440,The Forest,10000000,40055439,95,1,2016,3,0,0,1,63905366,0,0,0,0,2,1,1,30055439
252512,While We're Young,10000000,7587485,97,4,2015,4,20,3671406983,28,1783863485,1,8267511,2,17865642,3,1,0,-2412515
9613,Spider,10000000,1641788,98,12,2002,4,3,181917198,1,-12143288,0,0,3,-5208233,3,1,0,-8358212
64559,The Swindle,10000000,5045359,105,10,1997,2,0,0,0,0,0,0,0,0,3,2,0,-4954641
18191,Edmond,10000000,241719,82,8,2005,2,2,-262261,3,-1545061,2,55105584,1,-1260859,2,1,0,-9758281
31007,Welcome to the Rileys,10000000,355919,110,10,2010,4,4,1644638298,1,3062896,1,-17566085,0,0,1,1,0,-9644081
268171,Elsa & Fred,10000000,109144,104,3,2014,4,2,-2930000,0,0,0,0,1,-11234415,3,1,0,-9890856
245846,Strangerland,10000000,17472,111,7,2015,2,15,453129420,0,0,0,0,0,0,2,1,0,-9982528
49787,The Reef,10000000,15037867,94,5,2010,5,0,0,0,0,0,0,0,0,3,2,1,5037867
66767,Beat the World,10000000,1230542,91,6,2011,4,0,0,0,0,0,0,0,0,2,1,0,-8769458
17622,Fifty Dead Men Walking,10000000,997921,117,9,2008,2,3,51064715,0,0,0,0,0,0,2,2,0,-9002079
43090,Gunless,9900000,458054,89,4,2010,4,0,0,2,-20701694,0,0,0,0,4,1,0,-9441946
132316,Jab Tak Hai Jaan,9200000,5806666,176,11,2012,1,3,62330680,2,6322631,0,0,1,22385320,2,1,0,-3393334
348,Alien,11000000,104931801,117,5,1979,4,0,0,0,0,0,0,0,0,4,2,1,93931801
238636,The Purge: Anarchy,9000000,108782847,104,7,2014,3,0,0,7,463024856,1,86328627,1,86328627,2,1,1,99782847
14181,Boiler Room,26000000,28780255,118,2,2000,4,1,-259458,1,51183989,0,0,0,0,3,2,1,2780255
16428,Breakin' All the Rules,9000000,12512317,85,5,2004,4,1,-3285910,1,76820,0,0,0,0,2,1,1,3512317
14425,PCU,9000000,4350774,79,4,1994,4,0,0,0,0,0,0,0,0,1,1,0,-4649226
67675,Glee: The Concert Movie,9000000,18663238,84,8,2011,3,0,0,0,0,0,0,1,62227619,3,1,1,9663238
12454,All or Nothing,9000000,184255,128,5,2002,4,0,0,1,5117339,0,0,0,0,2,3,0,-8815745
17926,Undiscovered,9000000,1046166,97,8,2005,4,1,-39255262,1,-5952000,0,0,0,0,2,1,0,-7953834
13483,Awake,86000000,14373825,84,11,2007,2,1,-3055248,2,6817412,0,0,0,0,3,2,0,-71626175
8069,Barbarella,9000000,2500000,98,10,1968,3,0,0,0,0,0,0,0,0,1,1,0,-6500000
19644,Silmido,8500000,30298347,135,12,2003,2,0,0,0,0,0,0,0,0,3,1,1,21798347
29963,Bright Star,8500000,4440055,119,11,2009,3,0,0,0,0,0,0,1,109700000,2,2,0,-4059945
11176,The Muppet Movie,8000000,76657000,97,5,1979,3,0,0,0,0,0,0,0,0,3,1,1,68657000
242582,Nightcrawler,8500000,38697217,117,10,2014,3,8,410503528,0,0,0,0,0,0,3,1,1,30197217
773,Little Miss Sunshine,8000000,100523181,102,7,2006,2,2,176553,0,0,0,0,0,0,2,1,1,92523181
40807,50/50,8000000,39187783,100,9,2011,4,3,16183795,0,0,0,0,1,-3100025,2,1,1,31187783
16471,Modern Problems,8000000,24474312,89,12,1981,4,2,16143837,0,0,0,0,0,0,1,1,1,16474312
13751,Akeelah and the Bee,8000000,18948425,112,4,2006,4,0,0,0,0,0,0,0,0,1,1,1,10948425
14536,New in Town,8000000,29010817,97,1,2009,4,3,250865181,0,0,0,0,0,0,1,2,1,21010817
15049,Bon Cop Bad Cop,8000000,12671300,116,7,2006,3,0,0,0,0,0,0,0,0,3,2,1,4671300
209263,Enough Said,8000000,25621449,93,9,2013,2,0,0,8,104007817,3,12375546,4,12991333,3,1,1,17621449
51588,Prom,8000000,10130000,104,4,2011,4,0,0,0,0,0,0,2,-3471742,1,1,1,2130000
23570,The Pallbearer,8000000,5656388,97,5,1996,4,0,0,0,0,0,0,0,0,2,1,0,-2343612
44009,Another Year,8000000,18124262,129,11,2010,4,1,-5523509,0,0,2,-6461890,2,-6461890,2,1,1,10124262
46138,Made in Dagenham,8000000,15644196,113,9,2010,5,0,0,5,-5950648,0,0,1,12886719,3,1,1,7644196
26963,The Secret of Kells,8000000,3582797,75,2,2009,0,0,0,1,-6522324,0,0,0,0,3,1,0,-4417203
198277,Begin Again,8000000,63464861,104,9,2013,5,0,0,7,48542956,0,0,1,20550513,4,1,1,55464861
10288,Fido,8000000,426224,91,9,2006,3,0,0,0,0,0,0,0,0,4,1,0,-7573776
21512,The Blood of Heroes,7700000,882290,100,10,1989,3,0,0,0,0,0,0,0,0,3,1,0,-6817710
33542,Rumble in the Bronx,7500000,32392047,91,1,1995,0,0,0,0,0,0,0,0,0,4,2,1,24892047
1691,Hostel: Part II,10200000,35619521,93,6,2007,4,0,0,1,75778934,1,75778934,1,75778934,1,2,1,25419521
29064,The Omega Code,7200000,12678312,100,10,1999,4,1,16214377,0,0,0,0,0,0,2,2,1,5478312
8390,"Definitely, Maybe",7000000,55617866,112,2,2008,4,4,178064199,21,1424758633,0,0,0,0,2,1,1,48617866
2074,Flirting with Disaster,7000000,14702438,92,3,1996,4,0,0,0,0,0,0,0,0,2,1,1,7702438
12573,A Serious Man,7000000,31430334,105,10,2009,4,0,0,5,400390665,1,31189568,7,427649067,2,2,1,24430334
241771,Beyond the Lights,7000000,14618727,116,9,2014,2,0,0,1,-5692834,1,7728118,2,34833513,2,1,1,7618727
39053,Cyrus,7000000,10062896,91,6,2010,4,2,-28513178,0,0,1,-59984,2,120270,3,2,1,3062896
226354,The Christmas Candle,7000000,1933829,100,11,2013,4,0,0,0,0,1,1661020,0,0,2,1,0,-5066171
39210,Somewhere,7000000,17023121,98,9,2010,4,2,-24853367,1,20474340,0,0,3,140607573,2,2,1,10023121
30128,I Hope They Serve Beer in Hell,7000000,1429299,106,9,2009,4,0,0,0,0,0,0,0,0,2,1,0,-5570701
44835,Hesher,7000000,382946,106,1,2010,4,2,22800849,0,0,0,0,0,0,1,1,0,-6617054
27004,Ca$h,7000000,46488,108,1,2010,4,0,0,0,0,0,0,0,0,3,2,0,-6953512
8374,The Boondock Saints,6000000,30471,108,1,1999,4,2,-2575554,0,0,0,0,0,0,3,2,0,-5969529
277519,Z Storm,7000000,2053330,92,6,2014,3,0,0,0,0,0,0,0,0,2,1,0,-4946670
334527,Criminal Activities,7000000,386744,94,11,2015,4,0,0,0,0,0,0,0,0,3,1,0,-6613256
46738,Incendies,6800000,7103838,130,9,2010,5,0,0,0,0,0,0,0,0,3,3,1,303838
250546,Annabelle,6500000,255273813,99,10,2014,3,0,0,0,0,0,0,1,21376861,1,1,1,248773813
650,Boyz n the Hood,6500000,57504069,112,7,1991,4,0,0,0,0,0,0,0,0,2,1,1,51004069
16620,La Bamba,6500000,54215416,108,7,1987,4,0,0,0,0,0,0,0,0,2,1,1,47715416
25113,The Four Seasons,6500000,42488161,107,5,1981,4,0,0,0,0,0,0,0,0,3,1,1,35988161
11033,Dressed to Kill,6500000,31899000,105,6,1980,2,0,0,0,0,0,0,0,0,3,1,1,25399000
8998,Friends with Money,6500000,13368437,88,9,2006,3,2,4552718,2,50177323,1,3936931,2,4552718,3,1,1,6868437
76025,Shame,6500000,17693675,100,10,2011,6,1,-5185211,1,399211549,0,0,0,0,1,1,1,11193675
87499,The East,6500000,2401510,116,5,2013,4,1,294448,6,457513275,1,294448,1,294448,2,1,0,-4098490
18923,A Home at the End of the World,6500000,1548955,96,7,2004,4,2,63516051,0,0,0,0,0,0,2,1,0,-4951045
28089,The Messenger,6500000,1521261,113,11,2009,4,1,-12354673,3,417998618,0,0,0,0,2,2,0,-4978739
62255,Tracker,6500000,3149,102,5,2010,3,2,131594231,0,0,0,0,0,0,4,1,0,-6496851
218,The Terminator,6400000,78371200,108,10,1984,4,2,141114085,0,0,0,0,0,0,3,1,1,71971200
2293,Mallrats,6000000,2122561,94,10,1995,4,0,0,1,31505065,0,0,1,3124130,2,1,0,-3877439
1777,Fahrenheit 9/11,6000000,119114517,122,6,2004,4,19,414649865,2,38110841,1,31564473,2,38110841,1,2,1,113114517
629,The Usual Suspects,6000000,23341568,106,7,1995,2,0,0,0,0,0,0,0,0,3,4,1,17341568
36739,School Daze,6000000,14545844,121,2,1988,4,0,0,1,6962502,1,6962502,1,6962502,2,1,1,8545844
13370,A Mighty Wind,6000000,18750246,91,4,2003,2,0,0,1,14695413,1,-1077012,2,13618401,2,1,1,12750246
25066,Tales from the Hood,6000000,12000000,98,5,1995,2,0,0,1,24400000,0,0,0,0,3,1,1,6000000
15256,200 Cigarettes,6000000,6852450,101,2,1999,4,1,11771272,0,0,0,0,0,0,3,1,1,852450
28053,City Island,6000000,6670712,104,3,2009,4,2,-12683998,0,0,0,0,0,0,2,1,1,670712
19556,Miss March,6000000,4713059,89,3,2009,4,0,0,0,0,0,0,0,0,2,1,0,-1286941
231576,Wish I Was Here,5500000,5483299,120,1,2014,5,2,188714388,0,0,0,0,1,24281723,2,1,0,-16701
16172,Simply Irresistible,6000000,4398989,95,2,1999,4,0,0,0,0,0,0,0,0,1,2,0,-1601011
13537,Shattered Glass,6000000,2944752,94,11,2003,4,0,0,0,0,0,0,0,0,2,3,0,-3055248
13990,The Wackness,6000000,2899975,99,7,2008,3,2,54164740,0,0,0,0,0,0,1,1,0,-3100025
59728,The 5th Quarter,6000000,399611,97,3,2011,4,1,-1380159,0,0,0,0,0,0,1,1,0,-5600389
837,Videodrome,5952000,2120439,87,2,1983,4,0,0,0,0,0,0,0,0,3,1,0,-3831561
244783,Song One,6000000,32251,86,1,2014,0,8,371267183,0,0,0,0,0,0,1,1,0,-5967749
89861,Stiff Upper Lips,5700000,69582,99,6,1998,4,0,0,1,-33326758,0,0,0,0,1,1,0,-5630418
14351,Crossover,5800000,7000000,95,9,2006,4,0,0,5,110344483,1,-7806769,0,0,3,1,1,1200000
138697,Don Jon,5500000,41268579,90,7,2013,4,6,60497177,0,0,0,0,0,0,3,1,1,35768579
4997,Wonderland,5000000,2466444,104,10,2003,3,7,350128329,0,0,0,0,0,0,4,1,0,-2533556
979,Irreversible,5400000,8133256,97,5,2002,2,0,0,0,0,0,0,0,0,4,1,1,2733256
22908,A Room for Romeo Brass,5250000,20097,90,8,1999,0,0,0,0,0,1,-1927456,1,-1927456,3,1,0,-5229903
84204,Grabbers,5300000,440821,94,8,2012,4,0,0,1,20550513,0,0,0,0,4,1,0,-4859179
25248,Saint Ralph,5200000,1695126,95,9,2004,5,0,0,1,-8988946,0,0,0,0,2,1,0,-3504874
63006,Dum Maaro Dum,5200000,11633427,130,4,2011,4,0,0,0,0,0,0,0,0,4,2,1,6433427
345911,Lights Out,4900000,44107032,81,7,2016,3,0,0,3,343464664,0,0,0,0,2,1,1,39207032
72571,Paranormal Activity 3,5000000,205703818,83,10,2011,2,2,368245066,2,368245066,0,0,0,0,1,1,1,200703818
227348,Paranormal Activity: The Marked Ones,5000000,86362372,84,1,2014,2,0,0,5,781479315,1,200703818,0,0,2,1,1,81362372
147773,The Way Way Back,4600000,23198652,103,6,2013,3,0,0,0,0,0,0,0,0,2,1,1,18598652
45153,Eve's Bayou,5000000,14843425,109,9,1997,6,0,0,0,0,0,0,0,0,1,1,1,9843425
122081,Spring Breakers,5000000,31724284,94,1,2013,3,3,365353105,4,-11303342,0,0,0,0,2,1,1,26724284
10987,Halloween: The Curse of Michael Myers,5000000,15116634,88,9,1995,4,3,89111011,1,12768757,0,0,0,0,2,1,1,10116634
26748,Lone Star,5000000,13269963,135,6,1996,4,0,0,0,0,0,0,0,0,3,2,1,8269963
24913,April Fool's Day,5000000,12947763,89,3,1986,3,0,0,0,0,0,0,0,0,2,1,1,7947763
192141,No Escape,5000000,54418872,103,8,2015,2,12,1113656118,1,9792000,1,28855419,3,87538594,2,3,1,49418872
14662,Slums of Beverly Hills,5000000,5502773,91,8,1998,4,0,0,1,-8167174,0,0,0,0,2,1,1,502773
15745,Made,5000000,5476060,94,7,2001,4,0,0,0,0,0,0,0,0,3,1,1,476060
78394,Sea Rex 3D: Journey to a Prehistoric World,5000000,4074023,41,5,2010,4,0,0,0,0,0,0,0,0,1,1,0,-925977
46332,Of Gods and Men,4000000,41424067,120,5,2010,1,0,0,1,5294470,0,0,0,0,2,2,1,37424067
4553,The Machinist,5000000,8203235,101,2,2004,0,3,-4311809,1,23809206,0,0,2,1339670,2,1,1,3203235
36351,Light Sleeper,5000000,1050861,103,8,1992,4,1,1373585,0,0,1,26962574,1,8500000,2,1,0,-3949139
313922,Green Room,5000000,3220371,95,4,2016,4,3,4510499,2,985974,1,15168,1,15168,3,1,0,-1779629
38428,"Gandhi, My Father",5000000,1375194,136,8,2007,4,0,0,0,0,0,0,0,0,3,2,0,-3624806
46838,Tucker and Dale vs Evil,5000000,5476793,89,1,2010,4,0,0,1,73078482,0,0,0,0,2,1,1,476793
298312,The Visit,5000000,98450062,94,9,2015,3,0,0,0,0,5,1507372773,8,1691904868,2,1,1,93450062
11600,Redacted,5000000,782102,90,1,2007,0,0,0,1,11035310,2,7237910,11,495938649,2,2,0,-4217898
57876,Area 51,5000000,7556,91,5,2015,4,0,0,6,862841687,0,0,1,193733034,3,2,0,-4992444
244403,Rudderless,5000000,567219,105,10,2014,4,2,-25035029,0,0,0,0,0,0,3,1,0,-4432781
290825,Yoga Hosers,5000000,2199,88,7,2016,4,0,0,0,0,4,33907267,11,106266074,4,3,0,-4997801
1690,Hostel,4800000,80578934,94,1,2005,3,0,0,0,0,0,0,0,0,1,1,1,75778934
77987,Only God Forgives,4800000,10337387,90,5,2013,3,8,162035181,0,0,0,0,2,65085537,3,2,1,5537387
5689,The Blue Lagoon,4500000,58853106,104,7,1980,5,0,0,0,0,0,0,1,175813770,3,1,1,54353106
6106,Salvador,4500000,1500000,123,4,1986,2,1,-3831561,0,0,0,0,0,0,1,2,0,-3000000
252680,Moms' Night Out,5000000,10429707,98,3,2014,1,0,0,0,0,0,0,0,0,1,1,1,5429707
4550,Sympathy for Lady Vengeance,4500000,23471871,115,7,2005,4,1,11980005,0,0,0,0,1,11980005,2,3,1,18971871
68818,Blackthorn,4500000,1217307,98,8,2011,2,0,0,0,0,0,0,0,0,3,2,0,-3282693
36419,After.Life,4500000,3606395,104,4,2010,4,7,1316200468,0,0,0,0,0,0,4,1,0,-893605
375290,Airlift,4500000,32000000,126,1,2016,4,3,16141132,0,0,1,-1568931,0,0,4,2,1,27500000
270938,Falcon Rising,4500000,11774,103,9,2014,4,1,47840042,0,0,0,0,0,0,2,1,0,-4488226
116613,The Sweeney,3730500,6294161,112,9,2012,1,3,125097380,2,1863598,0,0,0,0,3,2,1,2563661
29920,Easy Money,4300000,10212403,124,1,2010,4,0,0,0,0,0,0,0,0,3,5,1,5912403
3040,Night Watch,4200000,32000000,114,6,2004,6,0,0,0,0,0,0,0,0,3,2,1,27800000
10246,Porky's,4000000,125728258,94,11,1981,4,0,0,0,0,0,0,0,0,1,1,1,121728258
287424,Maggie,4000000,187112,95,5,2015,4,21,2229486647,1,14085477,0,0,0,0,1,1,0,-3812888
40494,Trapeze,4000000,14400000,105,5,1956,2,1,28850000,0,0,1,396176459,0,0,1,2,1,10400000
85350,Boyhood,4000000,44349000,164,6,2014,3,0,0,4,-101705,2,9380977,10,152587545,1,2,1,40349000
5,Four Rooms,4000000,4300000,98,12,1995,5,0,0,2,219389769,0,0,0,0,2,1,1,300000
89708,Samsara,4000000,5966671,102,9,2011,4,0,0,0,0,0,0,0,0,2,1,1,1966671
27551,The Barbarians,4000000,800000,87,3,1987,6,0,0,5,-17060356,0,0,0,0,2,3,0,-3200000
64678,The Art of Getting By,4000000,1989035,83,6,2011,4,3,135905929,0,0,0,0,0,0,2,1,0,-2010965
103328,Holy Motors,4000000,4230426,115,7,2012,0,0,0,0,0,0,0,0,0,2,1,1,230426
44945,Trust,9500000,120000,104,9,2010,4,4,21453566,5,33604272,0,0,1,23000000,3,1,0,-9380000
227975,Futuro Beach,4000000,760678,106,5,2014,3,1,7781305,0,0,0,0,0,0,1,2,0,-3239322
60422,Another Happy Day,4000000,355688,119,11,2011,4,0,0,0,0,0,0,0,0,2,3,0,-3644312
81390,A Lonely Place to Die,4000000,25345000,99,4,2011,5,1,-10404832,0,0,0,0,0,0,4,2,1,21345000
10981,Nothing,4000000,63180,90,9,2003,1,0,0,0,0,0,0,1,251818,3,1,0,-3936820
770,Gone with the Wind,4000000,400176459,238,12,1939,4,0,0,0,0,0,0,1,30977967,3,1,1,396176459
37495,Four Lions,967686,4270000,101,5,2010,4,0,0,2,5086280,0,0,0,0,3,3,1,3302314
34769,Defendor,3500000,44462,101,9,2009,5,2,-11050156,0,0,0,0,0,0,4,1,0,-3455538
9427,The Full Monty,3500000,257850122,91,8,1997,2,0,0,0,0,0,0,0,0,1,1,1,254350122
23330,The Ballad of Cable Hogue,3716946,5000000,121,5,1970,2,0,0,0,0,0,0,2,-9390573,3,1,1,1283054
310131,The Witch,3500000,40423945,92,2,2016,4,0,0,0,0,0,0,0,0,2,1,1,36923945
25376,The Secret in Their Eyes,2000000,33965843,129,8,2009,3,1,10912889,0,0,0,0,0,0,4,1,1,31965843
46146,Troll Hunter,3500000,4159678,103,10,2010,4,0,0,1,6524232,0,0,0,0,2,1,1,659678
299145,Stranded,1900000,285593,86,6,2015,4,1,29013281,0,0,0,0,0,0,1,1,0,-1614407
13551,The Dead Girl,3300000,19875,85,11,2006,1,1,-12965168,11,589498990,1,-536000,1,-536000,4,1,0,-3280125
22051,Adam,3200000,2828590,99,7,2009,2,0,0,0,0,0,0,0,0,2,1,0,-371410
8469,Animal House,2700000,141000000,109,7,1978,3,0,0,0,0,0,0,1,19400000,1,1,1,138300000
23618,The Original Kings of Comedy,3000000,38236338,115,8,2000,4,0,0,2,19912090,0,0,10,55778487,1,1,1,35236338
1430,Bowling for Columbine,4000000,35564473,120,10,2002,2,1,6546368,1,6546368,0,0,1,6546368,1,1,1,31564473
158015,The Purge,3000000,89328627,86,5,2013,4,0,0,6,376696229,0,0,0,0,3,1,1,86328627
132344,Before Midnight,3000000,11176469,108,4,2013,4,8,87396432,3,-8278174,1,1204508,9,144411076,2,3,1,8176469
15158,Phantasm II,3000000,7282851,97,7,1988,4,0,0,0,0,1,5751126,1,5751126,4,1,1,4282851
40247,Please Give,3000000,4570178,90,1,2010,4,0,0,3,57045760,2,10805368,3,11421155,2,1,1,1570178
16642,Days of Heaven,3000000,3660880,94,9,1978,2,0,0,0,0,0,0,0,0,2,2,1,660880
18892,Jawbreaker,3000000,3076820,87,1,1999,5,0,0,0,0,0,0,0,0,1,1,1,76820
549,Basquiat,2962051,3011195,108,8,1996,4,0,0,0,0,0,0,0,0,2,2,1,49144
121986,Frances Ha,3000000,11267511,86,5,2013,4,1,-1675701,23,1584311950,0,0,1,9598131,2,1,1,8267511
868,Tsotsi,3000000,9879971,94,8,2005,3,0,0,0,0,0,0,0,0,2,2,1,6879971
17995,DysFunktional Family,3000000,2255000,89,4,2003,4,2,21031381,1,5823162,0,0,1,5823162,2,1,0,-745000
246403,Tusk,2800000,1826705,102,9,2014,4,1,-2895318,0,0,3,34880562,10,107239369,2,1,0,-973295
49010,Hobo with a Shotgun,3000000,748453,86,5,2011,4,1,-6817710,3,-30143640,0,0,0,0,3,1,0,-2251547
24469,Fish Tank,3000000,2357852,123,5,2009,3,0,0,0,0,0,0,0,0,1,1,0,-642148
38033,Chain Letter,3000000,1022453,96,10,2010,4,0,0,0,0,0,0,0,0,2,1,0,-1977547
38541,The Divide,3000000,22000,112,3,2011,6,1,25419521,0,0,0,0,1,75965753,1,1,0,-2978000
71866,Tanner Hall,3000000,5073,96,9,2009,0,0,0,0,0,0,0,0,0,1,2,0,-2994927
180296,They Came Together,3000000,82780,84,6,2014,4,5,95665976,0,0,2,-15303389,3,49077538,1,1,0,-2917220
248,Pocketful of Miracles,2900000,5000000,136,12,1961,0,0,0,4,24527489,0,0,4,24527489,2,2,1,2100000
43942,Freakonomics,3000000,103735,93,10,2010,4,0,0,0,0,0,0,0,0,1,1,0,-2896265
21461,Lage Raho Munna Bhai,2700000,31517561,144,1,2006,6,0,0,0,0,0,0,0,0,3,1,1,28817561
209274,Ida,2159280,10700000,80,10,2013,4,0,0,0,0,0,0,1,3027375,1,1,1,8540720
14137,Beer League,2800000,475000,86,9,2006,4,0,0,0,0,0,0,0,0,1,1,0,-2325000
14139,Timecrimes,2600000,553198,92,9,2007,3,0,0,0,0,0,0,0,0,2,1,0,-2046802
139038,A Haunted House,2500000,60141683,86,1,2013,4,1,37595121,3,120774357,1,7092761,0,0,2,1,1,57641683
10676,Halloween III: Season of the Witch,2500000,14400000,98,10,1982,4,0,0,2,90078361,0,0,0,0,3,1,1,11900000
24748,Hud,2500000,10000000,112,5,1963,2,1,5600000,0,0,0,0,0,0,3,1,1,7500000
181330,Kevin Hart: Let Me Explain,2500000,32327255,74,7,2013,2,1,6962436,0,0,1,6962436,0,0,2,1,1,29827255
19316,Saving Face,2500000,1269705,91,9,2004,6,0,0,0,0,0,0,0,0,2,2,0,-1230295
9731,Friday the 13th: A New Beginning,2200000,21930418,92,3,1985,4,0,0,0,0,0,0,0,0,2,1,1,19730418
364083,Mi America,2100000,3330,126,10,2015,4,0,0,0,0,0,0,0,0,2,2,0,-2096670
8810,Mad Max 2: The Road Warrior,2000000,24600832,95,12,1981,3,1,99600000,1,99600000,0,0,1,99600000,4,1,1,22600832
92182,Silent House,2000000,13101672,85,1,2011,4,0,0,1,54537954,0,0,1,54537954,2,1,1,11101672
44639,Inside Job,2000000,7871522,109,10,2010,4,13,770029411,0,0,0,0,1,-568377,1,1,1,5871522
15186,Full Frontal,2000000,2506446,96,8,2002,4,2,135808308,0,0,0,0,6,787984498,3,1,1,506446
57120,Meek's Cutoff,2000000,1869928,104,9,2010,6,1,1116046,1,1116046,0,0,2,1215954,2,1,0,-130072
24363,House of D,2000000,466106,97,4,2005,4,13,1598162873,1,-9929473,0,0,0,0,2,2,0,-1533894
13121,Teeth,2000000,2350641,94,1,2007,4,0,0,0,0,0,0,0,0,2,1,1,350641
24746,Six-String Samurai,2000000,124494,91,9,1998,4,0,0,0,0,0,0,0,0,3,1,0,-1875506
22913,24 7: Twenty Four Seven,2000000,72544,96,8,1997,6,1,-27084535,0,0,0,0,0,0,3,1,0,-1927456
206296,The Last Five Years,2000000,147299,94,11,2014,0,2,98310738,0,0,3,-11349232,4,147961051,4,1,0,-1852701
28260,Return of the Living Dead 3,2000000,54207,97,10,1993,4,0,0,0,0,0,0,0,0,4,3,0,-1945793
7515,London,2000000,12667,92,2,2005,3,1,31422687,0,0,0,0,0,0,3,1,0,-1987333
13075,Sherrybaby,2000000,622806,96,9,2006,4,0,0,1,2016165,0,0,0,0,1,1,0,-1377194
13510,Eden Lake,2000000,4294373,91,9,2008,4,0,0,2,412961597,0,0,0,0,2,1,1,2294373
50698,Grave Encounters,2000000,2151887,92,9,2011,4,0,0,0,0,0,0,0,0,2,1,1,151887
115210,Stitches,100000,95000,86,5,2012,5,0,0,0,0,0,0,0,0,1,1,0,-5000
26388,Buried,1987650,19152480,94,9,2010,4,5,226682065,0,0,0,0,0,0,3,1,1,17164830
49020,Submarine,1900000,4581937,97,3,2011,4,0,0,3,8388594,0,0,0,0,3,1,1,2681937
157293,ABCD (Any Body Can Dance),1900000,10137234,160,2,2013,3,0,0,0,0,0,0,0,0,2,1,1,8237234
14048,Man on Wire,1900000,5617067,94,7,2008,4,0,0,0,0,0,0,0,0,4,2,1,3717067
295886,Brotherly Love,1900000,478595,89,4,2015,4,1,10948425,0,0,0,0,0,0,1,1,0,-1421405
38358,The Last Exorcism,1800000,67738090,87,8,2010,4,0,0,4,123712329,0,0,0,0,3,1,1,65938090
84175,Beasts of the Southern Wild,1800000,21107746,93,6,2012,4,0,0,0,0,0,0,0,0,2,1,1,19307746
62677,Songcatcher,1800000,3050934,109,3,2001,3,1,969176,0,0,0,0,0,0,2,1,1,1250934
9709,My Summer of Love,1700000,4727375,86,8,2004,4,0,0,0,0,0,0,0,0,3,1,1,3027375
15647,Kissing Jessica Stein,1000000,10013424,97,4,2001,5,0,0,0,0,0,0,0,0,1,1,1,9013424
49018,Insidious,1500000,97009150,103,9,2010,0,1,6072209,0,0,1,102711669,2,99686128,2,1,1,95509150
13820,Repo Man,1500000,2300000,92,2,1984,0,0,0,0,0,0,0,0,0,4,1,1,800000
39541,Stolen Summer,1500000,119841,91,3,2002,4,0,0,0,0,0,0,0,0,3,1,0,-1380159
291362,Road Hard,1500000,113169,97,3,2015,4,1,-407362,0,0,0,0,0,0,1,1,0,-1386831
30082,Forty Shades of Blue,1500000,172569,108,12,2005,2,0,0,0,0,0,0,0,0,2,1,0,-1327431
23963,Pontypool,1500000,32000,93,3,2009,4,0,0,0,0,0,0,0,0,3,2,0,-1468000
104755,The Lords of Salem,1500000,1165882,101,9,2012,0,0,0,1,24421467,1,24421467,3,48191440,2,1,0,-334118
253306,Housebound,1500000,236863,109,9,2014,3,0,0,0,0,0,0,0,0,3,1,0,-1263137
266034,The Blue Room,1400000,1945420,75,5,2014,4,1,5777647,0,0,0,0,0,0,3,1,1,545420
27845,Trees Lounge,1300000,749741,95,10,1996,4,0,0,1,-2704507,0,0,0,0,2,2,0,-550259
100275,Eddie: The Sleepwalking Cannibal,1400000,1632,79,4,2012,6,0,0,0,0,0,0,0,0,2,1,0,-1398368
42033,Def-Con 4,1300000,210904,88,3,1985,4,0,0,0,0,0,0,0,0,1,1,0,-1089096
19997,Niagara,1250000,8500000,92,1,1953,2,0,0,1,9750000,0,0,0,0,3,1,1,7250000
176,Saw,1200000,103911669,103,10,2004,4,1,14857814,1,66244770,0,0,0,0,3,1,1,102711669
14295,You Can Count on Me,1200000,10827356,111,11,2000,4,1,102022101,1,9540607,1,-40865180,0,0,2,1,1,9627356
500,Reservoir Dogs,1200000,14661007,99,9,1992,2,1,2500000,0,0,0,0,0,0,2,1,1,13461007
429,"The Good, the Bad and the Ugly",1200000,6000000,161,12,1966,4,0,0,0,0,0,0,1,14300000,1,1,1,4800000
15544,Extreme Movie,1200000,81338,88,12,2008,4,0,0,0,0,0,0,0,0,1,3,0,-1118662
12877,Dead Man's Shoes,1125000,414736,90,9,2004,2,1,-5229903,0,0,0,0,2,-7157359,3,1,0,-710264
55616,Dracula: Pages from a Virgin's Diary,1100000,81371,75,2,2002,3,0,0,0,0,0,0,0,0,1,1,0,-1018629
50037,Beyond the Black Rainbow,1100000,56491,110,12,2010,4,0,0,0,0,0,0,0,0,3,1,0,-1043509
94329,The Raid,1100000,4105187,101,9,2011,3,0,0,0,0,0,0,0,0,3,1,1,3005187
26815,Rocket Singh: Salesman of the Year,1070000,5348767,156,12,2009,4,0,0,1,2043864,0,0,0,0,3,1,1,4278767
277685,Unfriended,1000000,62882090,82,4,2015,4,0,0,2,55189710,0,0,0,0,2,1,1,61882090
103,Taxi Driver,1300000,28262574,114,2,1976,5,0,0,1,154116327,0,0,1,2500000,2,2,1,26962574
9003,Hellraiser,1000000,14564027,94,9,1987,4,0,0,0,0,0,0,0,0,1,1,1,13564027
76487,The Devil Inside,1000000,101758490,83,1,2012,4,0,0,0,0,0,0,1,18105095,2,1,1,100758490
361475,Departure,1100000,27561,109,5,2016,4,0,0,0,0,0,0,0,0,3,2,0,-1072439
113947,The Sessions,1000000,9138338,98,5,2012,2,0,0,0,0,0,0,0,0,3,1,1,8138338
244772,The Skeleton Twins,1000000,5797192,90,1,2014,5,1,255883523,0,0,0,0,0,0,1,1,1,4797192
32456,Two Girls and a Guy,1000000,2057193,84,9,1997,6,0,0,0,0,0,0,0,0,2,1,1,1057193
22597,The Broken Hearts Club: A Romantic Comedy,1000000,1744858,94,2,2000,1,0,0,0,0,0,0,0,0,3,3,1,744858
8675,Orgazmo,1000000,627287,94,9,1997,5,0,0,0,0,0,0,0,0,1,2,0,-372713
21413,The Battle of Shaker Heights,1000000,839145,79,8,2003,4,0,0,3,261365403,0,0,0,0,3,1,0,-160855
201132,Antarctica: A Year on Ice,1000000,288757,92,9,2013,3,0,0,0,0,0,0,0,0,3,1,0,-711243
251471,A LEGO Brickumentary,1000000,101531,93,7,2015,4,8,316977730,0,0,0,0,0,0,1,1,0,-898469
112456,Hardflip,1000000,96734,114,6,2012,4,1,3324868,0,0,0,0,0,0,2,1,0,-903266
16155,Safe Men,1000000,21210,88,8,1998,0,0,0,0,0,0,0,0,0,2,1,0,-978790
46727,Speedway Junky,1000000,17127,104,2,1999,3,0,0,0,0,0,0,0,0,3,1,0,-982873
320146,Creative Control,1000000,63014,97,3,2016,4,0,0,0,0,0,0,0,0,2,1,0,-936986
207769,Banshee Chapter,950000,78122,87,8,2013,0,0,0,0,0,0,0,0,0,2,1,0,-871878
2652,Hard Candy,950000,7022209,103,1,2005,4,0,0,0,0,0,0,0,0,2,1,1,6072209
157354,Fruitvale Station,900000,17549645,85,7,2013,3,0,0,0,0,0,0,0,0,1,1,1,16649645
84200,"For a Good Time, Call...",850000,1243961,85,8,2012,4,0,0,0,0,0,0,0,0,1,1,1,393961
25461,Raising Victor Vargas,800000,2816116,88,5,2002,3,0,0,0,0,0,0,0,0,2,2,1,2016116
25212,Deterrence,800000,371647,101,3,2000,4,0,0,0,0,0,0,0,0,4,1,0,-428353
292483,Not Cool,800000,35688,90,9,2014,1,0,0,0,0,0,0,0,0,1,1,0,-764312
84332,Safety Not Guaranteed,750000,4007792,85,6,2012,4,0,0,2,103697558,0,0,0,0,4,1,1,3257792
74725,Kill List,500000,171760,95,9,2011,4,0,0,0,0,1,-21192,1,-21192,3,2,0,-328240
58428,The Innkeepers,750000,78396,102,12,2011,3,1,-17873542,1,-616755,0,0,1,-897188,2,1,0,-671604
302579,Naturally Native,700000,10508,107,10,1999,4,0,0,0,0,0,0,0,0,1,1,0,-689492
51955,Hav Plenty,650000,2301777,92,9,1997,3,0,0,0,0,0,0,0,0,5,1,1,1651777
158752,Escape from Tomorrow,650000,171962,90,10,2013,4,0,0,0,0,0,0,0,0,2,1,0,-478038
2667,The Blair Witch Project,600000,248300000,81,7,1999,2,0,0,0,0,0,0,0,0,2,1,1,247700000
11598,The Kentucky Fried Movie,600000,20000000,83,8,1977,2,0,0,0,0,0,0,0,0,1,1,1,19400000
75986,Love Letters,550000,5269990,98,4,1983,4,0,0,0,0,0,0,0,0,2,1,1,4719990
14271,Beyond the Mat,2053648,500000,102,10,1999,4,0,0,11,980080500,0,0,0,0,1,1,0,-1553648
14757,Osama,500000,1971479,83,5,2003,1,0,0,0,0,0,0,0,0,1,4,1,1471479
96238,Never Again,500000,308793,98,7,2002,4,0,0,0,0,0,0,0,0,2,1,0,-191207
172533,Drinking Buddies,500000,407100,90,8,2013,4,1,23450437,0,0,0,0,0,0,2,1,0,-92900
84318,The Other Dream Team,500000,314444,89,9,2012,4,0,0,0,0,0,0,0,0,1,1,0,-185556
45145,Johnny Suede,500000,55000,97,8,1991,6,0,0,0,0,0,0,0,0,2,1,0,-445000
45649,Rubber,500000,98017,85,7,2010,4,0,0,0,0,0,0,0,0,5,1,0,-401983
43933,Monsters,500000,4242978,94,6,2010,4,0,0,1,-1879380,0,0,0,0,3,2,1,3742978
73511,The Californians,500000,4134,91,10,2005,4,0,0,0,0,0,0,0,0,2,1,0,-495866
139715,Detention of the Dead,500000,1778,87,4,2012,4,0,0,0,0,0,0,0,0,2,1,0,-498222
17287,Poultrygeist: Night of the Chicken Dead,450000,22623,103,12,2006,1,0,0,0,0,0,0,0,0,2,1,0,-427377
188166,Blue Ruin,420000,435168,90,4,2014,4,0,0,0,0,0,0,0,0,2,1,1,15168
762,Monty Python and the Holy Grail,400000,5028948,91,3,1975,3,0,0,0,0,0,0,0,0,3,3,1,4628948
64499,Quinceañera,400000,2797199,90,6,2006,0,0,0,0,0,0,0,0,0,1,1,1,2397199
3059,Intolerance,385907,8394751,197,9,1916,0,0,0,0,0,0,0,0,0,1,1,1,8008844
65203,The Broadway Melody,379000,4358000,100,2,1929,4,0,0,1,21755000,0,0,0,0,3,1,1,3979000
103620,Maniac,6000000,31081,89,12,2012,2,9,2944796539,2,154082456,0,0,0,0,1,1,0,-5968919
27420,Graduation Day,250000,23894000,96,5,1981,4,0,0,0,0,0,0,0,0,1,1,1,23644000
84188,Compliance,270000,830700,90,8,2012,3,0,0,0,0,0,0,0,0,3,3,1,560700
32222,American Desi,250000,1366235,100,1,2001,0,0,0,0,0,0,0,0,0,3,1,1,1116235
142132,Sugar Town,250000,178095,92,9,1999,4,0,0,0,0,1,300000,1,300000,1,1,0,-71905
109729,The Canyons,250000,56825,99,7,2013,0,4,152535848,0,0,0,0,4,-10296164,2,1,0,-193175
83588,Middle of Nowhere,200000,236806,101,10,2012,4,0,0,0,0,0,0,0,0,1,1,1,36806
5759,Baghead,200000,140016,84,1,2008,0,0,0,0,0,0,0,1,180254,3,1,0,-59984
27995,She's Gotta Have It,175000,7137502,84,8,1986,4,0,0,0,0,0,0,0,0,2,1,1,6962502
55420,Another Earth,100000,1776935,92,7,2011,4,0,0,0,0,0,0,0,0,2,1,1,1676935
39141,Tadpole,150000,2891288,78,11,2002,4,0,0,0,0,0,0,0,0,3,2,1,2741288
86812,Sound of My Voice,135000,429448,85,1,2011,5,0,0,0,0,0,0,0,0,3,1,1,294448
84355,Your Sister's Sister,125000,3200000,90,9,2011,6,1,180254,0,0,0,0,0,0,2,1,1,3075000
339408,The Birth of a Nation,8500000,15861566,120,9,2016,4,0,0,0,0,0,0,0,0,1,1,1,7361566
299245,The Gallows,100000,42664410,87,7,2015,4,0,0,7,857849243,0,0,0,0,2,1,1,42564410
175291,Cheap Thrills,100000,59424,85,3,2013,4,0,0,0,0,0,0,0,0,3,1,0,-40576
111794,20 Dates,66000,602920,87,1,1998,3,0,0,0,0,0,0,0,0,2,1,1,536920
74777,Absentia,70000,8555,92,3,2011,3,0,0,0,0,0,0,0,0,3,1,0,-61445
47607,Tiny Furniture,65000,416498,99,11,2010,4,0,0,0,0,0,0,0,0,3,1,1,351498
242095,The Signal,4000000,600896,95,3,2014,5,0,0,0,0,0,0,0,0,2,1,0,-3399104
326576,Dawn of the Crescent Moon,75000,8799,95,4,2014,5,0,0,0,0,0,0,0,0,3,1,0,-66201
44770,The Exploding Girl,40000,25572,80,4,2009,2,0,0,0,0,0,0,0,0,2,1,0,-14428
14585,In the Company of Men,25000,2883661,97,1,1997,6,0,0,0,0,0,0,0,0,2,1,1,2858661
226458,Backmask,25000,428923,91,1,2015,4,1,-43076064,0,0,0,0,0,0,2,1,1,403923
124606,Bang,10000,527,98,9,1995,5,0,0,0,0,0,0,0,0,1,1,0,-9473
14337,Primer,7000,424760,77,10,2004,4,0,0,0,0,0,0,0,0,3,1,1,417760
